taxon_name,Family,Genus,Species with author,max_max_height,dispersal,growth_habit,life_history,photosynthetic_pathway,resprouting_capacity,water_association
Acacia binervia,Fabaceae,Acacia,Acacia binervia (J.C.Wendl.) J.F.Macbr.,16,zoochory,tree,perennial,c3,fire_killed,no
Acacia brownii,Fabaceae,Acacia,Acacia brownii (Poir.) Steud.,1,zoochory,shrub,perennial,c3,resprouting_possible,no
Acacia decurrens,Fabaceae,Acacia,Acacia decurrens Willd.,15,myrmecochory,tree,perennial,c3,resprouting_possible,no
Acacia falcata,Fabaceae,Acacia,Acacia falcata Willd.,5,zoochory,tree,perennial,c3,fire_killed,no
Acacia longifolia,Fabaceae,Acacia,Acacia longifolia (Andrews) Willd.,10,myrmecochory,tree,perennial,c3,fire_killed,no
Acacia parramattensis,Fabaceae,Acacia,Acacia parramattensis Tindale,15,myrmecochory,tree,perennial,c3,fire_killed,no
Acacia pubescens,Fabaceae,Acacia,Acacia pubescens (Vent.) R.Br.,5,myrmecochory,shrub,perennial,c3,resprouting_possible,no
Acacia ulicifolia,Fabaceae,Acacia,Acacia ulicifolia (Salisb.) Court,2.19,myrmecochory,shrub,perennial,c3,resprouting_possible,no
Adiantum aethiopicum,Pteridaceae,Adiantum,Adiantum aethiopicum L.,0.5,anemochory,fern,perennial,c3,resprouting_possible,no
Alternanthera denticulata,Amaranthaceae,Alternanthera,Alternanthera denticulata R.Br.,0.9,hydrochory,herb,perennial,c3,fire_killed,yes
Amyema miquelii,Loranthaceae,Amyema,Amyema miquelii (Lehm. ex Miq.) Tiegh.,NA,endozoochory,shrub,perennial,c3,resprouting_possible,no
Angophora floribunda,Myrtaceae,Angophora,Angophora floribunda (Sm.) Sweet,30,mixed,tree,perennial,c3,resprouting_possible,no
Anthosachne scabra,Poaceae,Anthosachne,Anthosachne scabra (R.Br.) Nevski,1.5,epizoochory,graminoid,perennial,c3,resprouting_possible,no
Aristida vagans,Poaceae,Aristida,Aristida vagans Cav.,0.8,epizoochory,graminoid,perennial,c4,resprouting_possible,no
Asperula conferta,Rubiaceae,Asperula,Asperula conferta Hook.f.,0.3,barochory,herb,perennial,c3,resprouting_possible,no
Austrostipa rudis,Poaceae,Austrostipa,Austrostipa rudis (Spreng.) S.W.L.Jacobs & J.Everett,1.3,epizoochory,graminoid,perennial,c3,resprouting_possible,no
Boronia polygalifolia,Rutaceae,Boronia,Boronia polygalifolia Sm.,0.6,ballistic,subshrub,perennial,c3,resprouting_possible,no
Bossiaea buxifolia,Fabaceae,Bossiaea,Bossiaea buxifolia A.Cunn.,1.3,myrmecochory,shrub,perennial,c3,resprouting_possible,no
Bossiaea prostrata,Fabaceae,Bossiaea,Bossiaea prostrata R.Br.,1.5,myrmecochory,subshrub,perennial,c3,resprouting_possible,no
Bothriochloa macra,Poaceae,Bothriochloa,Bothriochloa macra (Steud.) S.T.Blake,1,epizoochory,graminoid,perennial,c4,resprouting_possible,no
Brachychiton populneus,Malvaceae,Brachychiton,Brachychiton populneus (Schott & Endl.) R.Br.,20,epizoochory,tree,perennial,c3,resprouting_possible,no
Brachyscome triloba,Asteraceae,Brachyscome,Brachyscome triloba Gaudich.,0.32,zoochory,herb,perennial,c3,resprouting_possible,no
Breynia oblongifolia,Phyllanthaceae,Breynia,Breynia oblongifolia (Müll.Arg.) Müll.Arg.,8,myrmecochory,shrub,perennial,c3,resprouting_possible,no
Brunoniella australis,Acanthaceae,Brunoniella,Brunoniella australis (Cav.) Bremek.,0.2,barochory,herb,perennial,c3,resprouting_possible,no
Brunoniella pumilio,Acanthaceae,Brunoniella,Brunoniella pumilio (R.Br.) Bremek.,0.09,barochory,herb,perennial,c3,resprouting_possible,no
Bursaria spinosa,Pittosporaceae,Bursaria,Bursaria spinosa Cav.,12,anemochory,tree,perennial,c3,resprouting_possible,no
Caesia parviflora,Hemerocallidaceae,Caesia,Caesia parviflora R.Br.,0.55,myrmecochory,herb,perennial,c3,resprouting_possible,no
Callistemon linearifolius,Myrtaceae,Callistemon,Callistemon linearifolius (Link) DC.,4,anemochory,shrub,perennial,c3,resprouting_possible,no
Callistemon linearis,Myrtaceae,Callistemon,Callistemon linearis (Schrad. & J.C.Wendl.) Colvill ex Sweet,5,anemochory,shrub,perennial,c3,resprouting_possible,no
Callistemon pinifolius,Myrtaceae,Callistemon,Callistemon pinifolius (J.C.Wendl.) Sweet,4,anemochory,shrub,perennial,c3,resprouting_possible,no
Callistemon salignus,Myrtaceae,Callistemon,Callistemon salignus (Sm.) Colvill ex Sweet,15,anemochory,tree,perennial,c3,resprouting_possible,no
Calotis cuneifolia,Asteraceae,Calotis,Calotis cuneifolia R.Br.,0.6,epizoochory,herb,perennial,c3,resprouting_possible,no
Calotis lappulacea,Asteraceae,Calotis,Calotis lappulacea Benth.,0.5,epizoochory,shrub,perennial,c3,resprouting_possible,no
Carex inversa,Cyperaceae,Carex,Carex inversa R.Br.,0.75,endozoochory,graminoid,perennial,c3,resprouting_possible,no
Cassinia sifton,Asteraceae,Cassinia,Cassinia sifton Orchard,2,anemochory,shrub,perennial,c3,fire_killed,no
Casuarina glauca,Casuarinaceae,Casuarina,Casuarina glauca Sieber ex Spreng.,20,anemochory,tree,perennial,c3,resprouting_possible,yes
Centella asiatica,Apiaceae,Centella,Centella asiatica (L.) Urb.,0.4,barochory,herb,perennial,c3,resprouting_possible,yes
Centipeda minima,Asteraceae,Centipeda,Centipeda minima (L.) A.Braun & Asch.,0.2,epizoochory,herb,perennial,c3,fire_killed,yes
Cheilanthes sieberi,Pteridaceae,Cheilanthes,Cheilanthes sieberi Kunze,0.5,barochory,fern,perennial,c3,resprouting_possible,no
Chloris truncata,Poaceae,Chloris,Chloris truncata R.Br.,0.5,anemochory,graminoid,perennial,c4,resprouting_possible,no
Chloris ventricosa,Poaceae,Chloris,Chloris ventricosa R.Br.,1,anemochory,graminoid,perennial,c4,resprouting_possible,no
Chorizema parviflorum,Fabaceae,Chorizema,Chorizema parviflorum Benth.,0.5,myrmecochory,shrub,perennial,c3,resprouting_possible,no
Chrysocephalum apiculatum,Asteraceae,Chrysocephalum,Chrysocephalum apiculatum (Labill.) Steetz,0.8,anemochory,herb,perennial,c3,resprouting_possible,no
Clematis aristata,Ranunculaceae,Clematis,Clematis aristata R.Br. ex Ker Gawl.,15,anemochory,climber_woody,perennial,c3,resprouting_possible,no
Clematis glycinoides,Ranunculaceae,Clematis,Clematis glycinoides DC.,25,anemochory,climber_woody,perennial,c3,resprouting_possible,no
Commelina cyanea,Commelinaceae,Commelina,Commelina cyanea R.Br.,0.1,barochory,herb,perennial,c3,resprouting_possible,no
Correa reflexa,Rutaceae,Correa,Correa reflexa (Labill.) Vent.,3,myrmecochory,shrub,perennial,c3,resprouting_possible,no
Cotula australis,Asteraceae,Cotula,Cotula australis (Sieber ex Spreng.) Hook.f.,0.2,mixed,herb,perennial,c3,fire_killed,no
Crassula sieberiana,Crassulaceae,Crassula,Crassula sieberiana (Schult. & Schult.f.) Druce,0.2,anemochory,herb,perennial,cam,resprouting_possible,no
Cyanthillium cinereum,Asteraceae,Cyanthillium,Cyanthillium cinereum (L.) H.Rob.,1.25,anemochory,herb,annual,c3,fire_killed,no
Cymbopogon refractus,Poaceae,Cymbopogon,Cymbopogon refractus (R.Br.) A.Camus,1.5,epizoochory,graminoid,perennial,c4,resprouting_possible,no
Daviesia ulicifolia,Fabaceae,Daviesia,Daviesia ulicifolia Andrews,2.5,myrmecochory,shrub,perennial,c3,resprouting_possible,no
Denhamia silvestris,Celastraceae,Denhamia,Denhamia silvestris (Lander & L.A.S.Johnson) M.P.Simmons,45,myrmecochory,shrub,perennial,c3,resprouting_possible,no
Desmodium rhytidophyllum,Fabaceae,Desmodium,Desmodium rhytidophyllum F.Muell. ex Benth.,0.2,epizoochory,herb,perennial,c3,resprouting_possible,no
Desmodium varians,Fabaceae,Desmodium,Desmodium varians (Labill.) G.Don,0.5,epizoochory,herb,perennial,c3,resprouting_possible,no
Dianella caerulea,Hemerocallidaceae,Dianella,Dianella caerulea Sims,2,endozoochory,herb,perennial,c3,resprouting_possible,no
Dianella longifolia,Hemerocallidaceae,Dianella,Dianella longifolia R.Br.,1.5,endozoochory,herb,perennial,c3,resprouting_possible,no
Dianella revoluta,Hemerocallidaceae,Dianella,Dianella revoluta R.Br.,1.5,endozoochory,herb,perennial,c3,resprouting_possible,no
Dichelachne micrantha,Poaceae,Dichelachne,Dichelachne micrantha (Cav.) Domin,1.2,epizoochory,graminoid,perennial,c3,resprouting_possible,no
Dichondra repens,Convolvulaceae,Dichondra,Dichondra repens J.R.Forst. & G.Forst.,0.1,barochory,herb,perennial,c3,resprouting_possible,no
Digitaria parviflora,Poaceae,Digitaria,Digitaria parviflora (R.Br.) Hughes,1.5,anemochory,graminoid,perennial,c4,resprouting_possible,no
Dillwynia sieberi,Fabaceae,Dillwynia,Dillwynia sieberi Steud.,2.5,myrmecochory,shrub,perennial,c3,resprouting_possible,no
Diuris maculata,Orchidaceae,Diuris,Diuris maculata Sm.,0.3,anemochory,herb,perennial,c3,resprouting_possible,no
Dodonaea triquetra,Sapindaceae,Dodonaea,Dodonaea triquetra J.C.Wendl.,3.5,myrmecochory,shrub,perennial,c3,resprouting_possible,no
Drosera peltata,Droseraceae,Drosera,Drosera peltata Thunb.,0.8,mixed,herb,perennial,c3,resprouting_possible,no
Echinopogon caespitosus,Poaceae,Echinopogon,Echinopogon caespitosus C.E.Hubb.,1.5,epizoochory,graminoid,perennial,c3,resprouting_possible,no
Echinopogon ovatus,Poaceae,Echinopogon,Echinopogon ovatus (G.Forst.) P.Beauv.,1.2,epizoochory,graminoid,perennial,c3,resprouting_possible,no
Einadia hastata,Chenopodiaceae,Einadia,Einadia hastata (R.Br.) A.J.Scott,2,endozoochory,herb,perennial,c3,fire_killed,no
Entolasia marginata,Poaceae,Entolasia,Entolasia marginata (R.Br.) Hughes,2,mixed,graminoid,perennial,c3,resprouting_possible,no
Entolasia stricta,Poaceae,Entolasia,Entolasia stricta (R.Br.) Hughes,1.5,mixed,graminoid,perennial,c3,resprouting_possible,no
Epilobium billardiereanum,Onagraceae,Epilobium,Epilobium billardiereanum Ser.,1,anemochory,herb,perennial,c3,resprouting_possible,no
Eragrostis brownii,Poaceae,Eragrostis,Eragrostis brownii (Kunth) Nees,0.6,mixed,graminoid,perennial,c4,resprouting_possible,no
Eragrostis leptostachya,Poaceae,Eragrostis,Eragrostis leptostachya (R.Br.) Steud.,1,mixed,graminoid,perennial,c4,resprouting_possible,no
Eremophila debilis,Scrophulariaceae,Eremophila,Eremophila debilis (Andrews) Chinnock,2,endozoochory,shrub,perennial,c3,resprouting_possible,no
Eriochloa pseudoacrotricha,Poaceae,Eriochloa,Eriochloa pseudoacrotricha (Stapf ex Thell.) J.M.Black,1,mixed,graminoid,perennial,c4,fire_killed,no
Eucalyptus amplifolia,Myrtaceae,Eucalyptus,Eucalyptus amplifolia Naudin,30,barochory,tree,perennial,c3,resprouting_possible,no
Eucalyptus eugenioides,Myrtaceae,Eucalyptus,Eucalyptus eugenioides Sieber ex Spreng.,35,mixed,tree,perennial,c3,resprouting_possible,no
Eucalyptus fibrosa,Myrtaceae,Eucalyptus,Eucalyptus fibrosa F.Muell.,35,mixed,tree,perennial,c3,resprouting_possible,no
Eucalyptus globoidea,Myrtaceae,Eucalyptus,Eucalyptus globoidea Blakely,40,mixed,tree,perennial,c3,resprouting_possible,no
Eucalyptus longifolia,Myrtaceae,Eucalyptus,Eucalyptus longifolia Link,35,mixed,tree,perennial,c3,resprouting_possible,no
Eucalyptus moluccana,Myrtaceae,Eucalyptus,Eucalyptus moluccana Roxb.,30,mixed,tree,perennial,c3,resprouting_possible,no
Eucalyptus punctata,Myrtaceae,Eucalyptus,Eucalyptus punctata DC.,35,anemochory,tree,perennial,c3,resprouting_possible,no
Eucalyptus resinifera,Myrtaceae,Eucalyptus,Eucalyptus resinifera J.White,45,mixed,tree,perennial,c3,resprouting_possible,no
Eucalyptus tereticornis,Myrtaceae,Eucalyptus,Eucalyptus tereticornis Sm.,50,anemochory,tree,perennial,c3,resprouting_possible,no
Euchiton involucratus,Asteraceae,Euchiton,Euchiton involucratus (G.Forst.) Holub,0.5,anemochory,herb,perennial,c3,fire_killed,no
Euchiton sphaericus,Asteraceae,Euchiton,Euchiton sphaericus (Willd.) Holub,1,anemochory,herb,annual,c3,fire_killed,no
Eustrephus latifolius,Asparagaceae,Eustrephus,Eustrephus latifolius R.Br.,10,endozoochory,climber,perennial,c3,resprouting_possible,no
Exocarpos cupressiformis,Santalaceae,Exocarpos,Exocarpos cupressiformis Labill.,10,endozoochory,tree,perennial,c3,resprouting_possible,no
Gahnia aspera,Cyperaceae,Gahnia,Gahnia aspera (R.Br.) Spreng.,0.65,endozoochory,graminoid,perennial,c3,resprouting_possible,no
Gahnia melanocarpa,Cyperaceae,Gahnia,Gahnia melanocarpa R.Br.,2,endozoochory,graminoid,perennial,c3,resprouting_possible,no
Geranium solanderi,Geraniaceae,Geranium,Geranium solanderi Carolin,0.5,epizoochory,herb,perennial,c3,resprouting_possible,no
Glochidion ferdinandi,Phyllanthaceae,Glochidion,Glochidion ferdinandi (Müll.Arg.) F.M.Bailey,35,endozoochory,tree,perennial,c3,resprouting_possible,no
Glossocardia bidens,Asteraceae,Glossocardia,Glossocardia bidens (Retz.) Veldkamp,0.5,epizoochory,herb,perennial,c4,fire_killed,no
Glycine clandestina,Fabaceae,Glycine,Glycine clandestina J.C.Wendl.,2,mixed,climber,perennial,c3,resprouting_possible,no
Glycine microphylla,Fabaceae,Glycine,Glycine microphylla (Benth.) Tindale,0.3,mixed,herb,perennial,c3,resprouting_possible,no
Glycine tabacina,Fabaceae,Glycine,Glycine tabacina (Labill.) Benth.,0.3,mixed,climber,perennial,c3,resprouting_possible,no
Goodenia hederacea,Goodeniaceae,Goodenia,Goodenia hederacea Sm.,0.8,myrmecochory,herb,perennial,c3,resprouting_possible,no
Goodenia paniculata,Goodeniaceae,Goodenia,Goodenia paniculata Sm.,0.5,myrmecochory,herb,perennial,c3,resprouting_possible,yes
Gratiola pedunculata,Plantaginaceae,Gratiola,Gratiola pedunculata R.Br.,0.5,epizoochory,herb,perennial,c3,resprouting_possible,yes
Hakea sericea,Proteaceae,Hakea,Hakea sericea Schrad. & J.C.Wendl.,4.5,anemochory,tree,perennial,c3,fire_killed,no
Hardenbergia violacea,Fabaceae,Hardenbergia,Hardenbergia violacea (Schneev.) Stearn,2.5,myrmecochory,climber,perennial,c3,resprouting_possible,no
Hibbertia aspera,Dilleniaceae,Hibbertia,Hibbertia aspera DC.,2,myrmecochory,shrub,perennial,c3,resprouting_possible,no
Hibbertia diffusa,Dilleniaceae,Hibbertia,Hibbertia diffusa R.Br. ex DC.,0.5,zoochory,shrub,perennial,c3,resprouting_possible,no
Hibbertia pedunculata,Dilleniaceae,Hibbertia,Hibbertia pedunculata R.Br. ex DC.,0.4,zoochory,shrub,perennial,c3,resprouting_possible,no
Homalanthus populifolius,Euphorbiaceae,Homalanthus,Homalanthus populifolius Graham,12,endozoochory,tree,perennial,c3,resprouting_possible,no
Hovea linearis,Fabaceae,Hovea,Hovea linearis (Sm.) R.Br.,1.2,myrmecochory,subshrub,perennial,c3,resprouting_possible,no
Hydrocotyle sibthorpioides,Araliaceae,Hydrocotyle,Hydrocotyle sibthorpioides Lam.,0.15,mixed,herb,perennial,c3,resprouting_possible,yes
Hypericum gramineum,Hypericaceae,Hypericum,Hypericum gramineum G.Forst.,0.5,barochory,herb,perennial,c3,resprouting_possible,no
Hypoxis hygrometrica,Hypoxidaceae,Hypoxis,Hypoxis hygrometrica Labill.,0.2,barochory,herb,perennial,c3,resprouting_possible,no
Imperata cylindrica,Poaceae,Imperata,Imperata cylindrica (L.) P.Beauv.,1.5,anemochory,graminoid,perennial,c4,resprouting_possible,no
Indigofera australis,Fabaceae,Indigofera,Indigofera australis Willd.,2.5,barochory,shrub,perennial,c3,resprouting_possible,no
Isolepis cernua,Cyperaceae,Isolepis,Isolepis cernua (Vahl) Roem. & Schult.,0.3,epizoochory,graminoid,perennial,c3,resprouting_possible,yes
Jacksonia scoparia,Fabaceae,Jacksonia,Jacksonia scoparia R.Br.,12,epizoochory,tree,perennial,c3,resprouting_possible,no
Juncus bufonius,Juncaceae,Juncus,Juncus bufonius L.,0.3,barochory,graminoid,annual,c3,fire_killed,yes
Juncus planifolius,Juncaceae,Juncus,Juncus planifolius R.Br.,0.75,barochory,graminoid,perennial,c3,resprouting_possible,yes
Juncus subsecundus,Juncaceae,Juncus,Juncus subsecundus N.A.Wakef.,1,mixed,graminoid,perennial,c3,resprouting_possible,no
Juncus usitatus,Juncaceae,Juncus,Juncus usitatus L.A.S.Johnson,1.2,mixed,graminoid,perennial,c3,resprouting_possible,yes
Kunzea ambigua,Myrtaceae,Kunzea,Kunzea ambigua (Sm.) Druce,35,mixed,shrub,perennial,c3,fire_killed,no
Lachnagrostis filiformis,Poaceae,Lachnagrostis,Lachnagrostis filiformis (G.Forst.) Trin.,1,anemochory,graminoid,perennial,c3,resprouting_possible,yes
Lasiopetalum parviflorum,Malvaceae,Lasiopetalum,Lasiopetalum parviflorum Rudge,1,myrmecochory,shrub,perennial,c3,resprouting_possible,no
Laxmannia gracilis,Asparagaceae,Laxmannia,Laxmannia gracilis R.Br.,0.4,barochory,herb,perennial,c3,resprouting_possible,no
Lepidosperma laterale,Cyperaceae,Lepidosperma,Lepidosperma laterale R.Br.,1,myrmecochory,graminoid,perennial,c3,resprouting_possible,no
Leptospermum polygalifolium,Myrtaceae,Leptospermum,Leptospermum polygalifolium Salisb.,10,anemochory,tree,perennial,c3,resprouting_possible,no
Leptospermum trinervium,Myrtaceae,Leptospermum,Leptospermum trinervium (J.White) Sm.,6,anemochory,tree,perennial,c3,resprouting_possible,no
Leucopogon affinis,Ericaceae,Leucopogon,Leucopogon affinis R.Br.,3,endozoochory,shrub,perennial,c3,resprouting_possible,no
Leucopogon juniperinus,Ericaceae,Leucopogon,Leucopogon juniperinus R.Br.,1,endozoochory,shrub,perennial,c3,resprouting_possible,no
Linum marginale,Linaceae,Linum,Linum marginale A.Cunn.,1.2,mixed,herb,perennial,c3,resprouting_possible,no
Lissanthe strigosa,Ericaceae,Lissanthe,Lissanthe strigosa (Sm.) R.Br.,1,endozoochory,shrub,perennial,c3,resprouting_possible,no
Lobelia anceps,Campanulaceae,Lobelia,Lobelia anceps L.f.,1.2,mixed,herb,perennial,c3,resprouting_possible,yes
Lobelia purpurascens,Campanulaceae,Lobelia,Lobelia purpurascens R.Br.,0.28,mixed,herb,perennial,c3,resprouting_possible,no
Lomandra filiformis,Asparagaceae,Lomandra,Lomandra filiformis (Thunb.) Britten,0.54,myrmecochory,graminoid,perennial,c3,resprouting_possible,no
Lomandra longifolia,Asparagaceae,Lomandra,Lomandra longifolia Labill.,1,myrmecochory,graminoid,perennial,c3,resprouting_possible,no
Lomandra multiflora,Asparagaceae,Lomandra,Lomandra multiflora (R.Br.) Britten,0.3,myrmecochory,graminoid,perennial,c3,resprouting_possible,no
Lythrum hyssopifolia,Lythraceae,Lythrum,Lythrum hyssopifolia L.,0.6,mixed,herb,annual,c3,fire_killed,yes
Melaleuca decora,Myrtaceae,Melaleuca,Melaleuca decora (Salisb.) Britten,7,anemochory,tree,perennial,c3,resprouting_possible,no
Melaleuca diosmatifolia,Myrtaceae,Melaleuca,Melaleuca diosmatifolia Dum.Cours.,4,anemochory,shrub,perennial,c3,resprouting_possible,no
Melaleuca linariifolia,Myrtaceae,Melaleuca,Melaleuca linariifolia Sm.,10,anemochory,tree,perennial,c3,resprouting_possible,no
Melaleuca nodosa,Myrtaceae,Melaleuca,Melaleuca nodosa (Sol. ex Gaertn.) Sm.,4,anemochory,shrub,perennial,c3,resprouting_possible,no
Melaleuca styphelioides,Myrtaceae,Melaleuca,Melaleuca styphelioides Sm.,20,anemochory,tree,perennial,c3,resprouting_possible,no
Melaleuca thymifolia,Myrtaceae,Melaleuca,Melaleuca thymifolia Sm.,2,anemochory,shrub,perennial,c3,resprouting_possible,no
Mentha diemenica,Lamiaceae,Mentha,Mentha diemenica Spreng.,0.5,mixed,herb,perennial,c3,resprouting_possible,no
Microlaena stipoides,Poaceae,Microlaena,Microlaena stipoides (Labill.) R.Br.,1,epizoochory,graminoid,perennial,c3,resprouting_possible,no
Muellerina eucalyptoides,Loranthaceae,Muellerina,Muellerina eucalyptoides (DC.) Barlow,NA,endozoochory,shrub,perennial,c3,resprouting_possible,no
Myoporum boninense,Scrophulariaceae,Myoporum,Myoporum boninense Koidz.,2.8,endozoochory,shrub,perennial,c3,fire_killed,no
Myrsine variabilis,Primulaceae,Myrsine,Myrsine variabilis R.Br.,15,endozoochory,tree,perennial,c3,resprouting_possible,no
Notelaea longifolia,Oleaceae,Notelaea,Notelaea longifolia Vent.,9,endozoochory,tree,perennial,c3,resprouting_possible,no
Notelaea ovata,Oleaceae,Notelaea,Notelaea ovata R.Br.,1,endozoochory,shrub,perennial,c3,resprouting_possible,no
Olearia microphylla,Asteraceae,Olearia,Olearia microphylla (Vent.) Maiden & Betche,2,anemochory,shrub,perennial,c3,resprouting_possible,no
Olearia viscidula,Asteraceae,Olearia,Olearia viscidula (F.Muell.) Benth.,2.5,anemochory,shrub,perennial,c3,resprouting_possible,no
Opercularia varia,Rubiaceae,Opercularia,Opercularia varia Hook.f.,0.3,myrmecochory,herb,perennial,c3,resprouting_possible,no
Oplismenus hirtellus,Poaceae,Oplismenus,Oplismenus hirtellus (L.) P.Beauv.,3,epizoochory,graminoid,perennial,c3,resprouting_possible,no
Oxalis perennans,Oxalidaceae,Oxalis,Oxalis perennans Haw.,0.5,mixed,herb,perennial,c3,resprouting_possible,no
Ozothamnus diosmifolius,Asteraceae,Ozothamnus,Ozothamnus diosmifolius (Vent.) DC.,5,anemochory,shrub,perennial,c3,resprouting_possible,no
Pandorea pandorana,Bignoniaceae,Pandorea,Pandorea pandorana (Andrews) Steenis,43,anemochory,climber_woody,perennial,c3,resprouting_possible,no
Panicum simile,Poaceae,Panicum,Panicum simile Domin,0.7,mixed,graminoid,perennial,c4,resprouting_possible,no
Paspalidium criniforme,Poaceae,Paspalidium,Paspalidium criniforme S.T.Blake,0.6,mixed,graminoid,perennial,c4,resprouting_possible,no
Paspalidium distans,Poaceae,Paspalidium,Paspalidium distans (Trin.) Hughes,1,barochory,graminoid,perennial,c4,resprouting_possible,no
Pelargonium inodorum,Geraniaceae,Pelargonium,Pelargonium inodorum Willd.,0.4,mixed,herb,short_lived_perennial,c3,fire_killed,no
Pellaea falcata,Pteridaceae,Pellaea,Pellaea falcata (R.Br.) Fée,1,anemochory,fern,perennial,c3,resprouting_possible,no
Persicaria decipiens,Polygonaceae,Persicaria,Persicaria decipiens (R.Br.) K.L.Wilson,1,epizoochory,herb,perennial,c3,resprouting_possible,yes
Persicaria lapathifolia,Polygonaceae,Persicaria,Persicaria lapathifolia (L.) Delarbre,2,epizoochory,herb,biennial,c3,resprouting_possible,yes
Persoonia linearis,Proteaceae,Persoonia,Persoonia linearis Andrews,5,endozoochory,tree,perennial,c3,resprouting_possible,no
Phragmites australis,Poaceae,Phragmites,Phragmites australis (Cav.) Trin. ex Steud.,6,anemochory,graminoid,perennial,c3,resprouting_possible,yes
Phyllanthus gunnii,Phyllanthaceae,Phyllanthus,Phyllanthus gunnii Hook.f.,5,mixed,shrub,perennial,c3,resprouting_possible,no
Pimelea linifolia,Thymelaeaceae,Pimelea,Pimelea linifolia Sm.,1.68,myrmecochory,shrub,perennial,c3,resprouting_possible,no
Pittosporum multiflorum,Pittosporaceae,Pittosporum,"Pittosporum multiflorum (A.Cunn. ex Loudon) L.W.Cayzer, Crisp & I.Telford",4.2,endozoochory,shrub,perennial,c3,resprouting_possible,no
Pittosporum revolutum,Pittosporaceae,Pittosporum,Pittosporum revolutum W.T.Aiton,6,endozoochory,shrub,perennial,c3,resprouting_possible,no
Pittosporum undulatum,Pittosporaceae,Pittosporum,Pittosporum undulatum Vent.,27.5,endozoochory,tree,perennial,c3,resprouting_possible,no
Plantago debilis,Plantaginaceae,Plantago,Plantago debilis R.Br.,0.4,mixed,herb,perennial,c3,resprouting_possible,no
Plectranthus parviflorus,Lamiaceae,Plectranthus,Plectranthus parviflorus Willd.,1,endozoochory,shrub,perennial,cam,fire_killed,no
Poa sieberiana,Poaceae,Poa,Poa sieberiana Spreng.,1.07,mixed,graminoid,perennial,c3,resprouting_possible,no
Polyscias sambucifolia,Araliaceae,Polyscias,Polyscias sambucifolia (Sieber ex DC.) Harms,11,endozoochory,tree,perennial,c3,resprouting_possible,no
Pomaderris ferruginea,Rhamnaceae,Pomaderris,Pomaderris ferruginea Sieber ex Fenzl,4,myrmecochory,shrub,perennial,c3,fire_killed,no
Poranthera microphylla,Phyllanthaceae,Poranthera,Poranthera microphylla Brongn.,0.45,mixed,herb,annual,c3,resprouting_possible,no
Portulaca oleracea,Portulacaceae,Portulaca,Portulaca oleracea L.,0.2,barochory,herb,annual,c4,resprouting_possible,no
Pseudognaphalium luteoalbum,Asteraceae,Pseudognaphalium,Pseudognaphalium luteoalbum (L.) Hilliard & B.L.Burtt,0.7,anemochory,herb,annual,c3,fire_killed,no
Pteridium esculentum,Dennstaedtiaceae,Pteridium,Pteridium esculentum (G.Forst.) Cockayne,3,anemochory,fern,perennial,c3,resprouting_possible,no
Pterostylis nutans,Orchidaceae,Pterostylis,Pterostylis nutans R.Br.,0.4,anemochory,herb,perennial,c3,resprouting_possible,no
Rubus parvifolius,Rosaceae,Rubus,Rubus parvifolius L.,1,endozoochory,climber_woody,perennial,c3,resprouting_possible,no
Rumex brownii,Polygonaceae,Rumex,Rumex brownii Campd.,1.05,epizoochory,herb,perennial,c3,resprouting_possible,no
Rytidosperma fulvum,Poaceae,Rytidosperma,Rytidosperma fulvum (Vickery) A.M.Humphreys & H.P.Linder,1.15,epizoochory,graminoid,perennial,c3,resprouting_possible,no
Rytidosperma setaceum,Poaceae,Rytidosperma,Rytidosperma setaceum (R.Br.) Connor & Edgar,1,epizoochory,graminoid,perennial,c3,resprouting_possible,no
Rytidosperma tenuius,Poaceae,Rytidosperma,Rytidosperma tenuius (Steud.) A.Hansen & Sunding,1.2,epizoochory,graminoid,perennial,c3,resprouting_possible,no
Scaevola albida,Goodeniaceae,Scaevola,Scaevola albida (Sm.) Druce,0.5,mixed,herb,perennial,c3,fire_killed,no
Schoenus apogon,Cyperaceae,Schoenus,Schoenus apogon Roem. & Schult.,0.25,mixed,graminoid,perennial,c3,resprouting_possible,yes
Senecio hispidulus,Asteraceae,Senecio,Senecio hispidulus A.Rich.,1.5,anemochory,herb,perennial,c3,resprouting_possible,no
Solenogyne bellioides,Asteraceae,Solenogyne,Solenogyne bellioides Cass.,0.18,mixed,herb,perennial,c3,resprouting_possible,no
Stackhousia muricata,Celastraceae,Stackhousia,Stackhousia muricata Lindl.,0.6,zoochory,herb,perennial,c3,fire_killed,no
Themeda triandra,Poaceae,Themeda,Themeda triandra Forssk.,2,epizoochory,graminoid,perennial,c4,resprouting_possible,no
Thysanotus tuberosus,Asparagaceae,Thysanotus,Thysanotus tuberosus R.Br.,0.7,myrmecochory,herb,perennial,c3,resprouting_possible,no
Triglochin striata,Juncaginaceae,Triglochin,Triglochin striata Ruiz & Pav.,0.5,hydrochory,herb,perennial,c3,resprouting_possible,yes
Triptilodiscus pygmaeus,Asteraceae,Triptilodiscus,Triptilodiscus pygmaeus Turcz.,0.2,anemochory,herb,annual,c3,fire_killed,no
Typha orientalis,Typhaceae,Typha,Typha orientalis C.Presl,4.5,anemochory,graminoid,perennial,c3,resprouting_possible,yes
Veronica plebeia,Plantaginaceae,Veronica,Veronica plebeia R.Br.,0.4,barochory,herb,perennial,c3,resprouting_possible,no
Vincetoxicum barbatum,Apocynaceae,Vincetoxicum,Vincetoxicum barbatum (R.Br.) Kuntze,2,anemochory,climber,perennial,c3,resprouting_possible,no
Vittadinia cuneata,Asteraceae,Vittadinia,Vittadinia cuneata DC.,0.4,anemochory,subshrub,perennial,c3,resprouting_possible,no
Wahlenbergia gracilis,Campanulaceae,Wahlenbergia,Wahlenbergia gracilis (G.Forst.) A.DC.,0.8,anemochory,herb,perennial,c3,resprouting_possible,no
Zieria smithii,Rutaceae,Zieria,Zieria smithii Andrews,2,myrmecochory,shrub,perennial,c3,resprouting_possible,no
Zornia dyctiocarpa,Fabaceae,Zornia,Zornia dyctiocarpa DC.,0.3,epizoochory,herb,perennial,c3,resprouting_possible,no
Amyema gaudichaudii,Loranthaceae,Amyema,Amyema gaudichaudii (DC.) Tiegh.,NA,endozoochory,shrub,perennial,c3,fire_killed,no
Arthropodium sp. South-east Highlands (N.G.Walsh 811),Asparagaceae,Arthropodium,Arthropodium sp. South-east Highlands (N.G.Walsh 811) Vic. Herbarium,1.16,barochory,herb,perennial,c3,resprouting_possible,no
Cassytha paniculata,Lauraceae,Cassytha,Cassytha paniculata R.Br.,0.4,endozoochory,climber,perennial,c3,fire_killed,no
Dendrophthoe vitellina,Loranthaceae,Dendrophthoe,Dendrophthoe vitellina (F.Muell.) Tiegh.,NA,endozoochory,shrub,perennial,c3,fire_killed,no
Einadia polygonoides,Chenopodiaceae,Einadia,Einadia polygonoides (Murr) Paul G.Wilson,0.14,zoochory,herb,perennial,c3,fire_killed,no
Einadia trigonos,Chenopodiaceae,Einadia,Einadia trigonos (Schult.) Paul G.Wilson,0.81,zoochory,herb,perennial,c3,fire_killed,no
Kennedia rubicunda,Fabaceae,Kennedia,Kennedia rubicunda (Schneev.) Vent.,1.71,myrmecochory,climber,perennial,c3,resprouting_possible,no
Lagenophora sublyrata,Asteraceae,Lagenophora,Lagenophora sublyrata (Cass.) A.R.Bean & Jian Wang ter,0.07,mixed,herb,perennial,c3,resprouting_possible,no
Macrozamia spiralis,Zamiaceae,Macrozamia,Macrozamia spiralis (Salisb.) Miq.,1.04,barochory,shrub,perennial,c3,resprouting_possible,no
Opercularia diphylla,Rubiaceae,Opercularia,Opercularia diphylla Gaertn.,0.29,myrmecochory,herb,perennial,c3,resprouting_possible,no
Oxalis thompsoniae,Oxalidaceae,Oxalis,Oxalis thompsoniae B.J.Conn & P.G.Richards,0.25,barochory,herb,perennial,c3,fire_killed,no
Polymeria calycina,Convolvulaceae,Polymeria,Polymeria calycina R.Br.,0.8,mixed,herb,perennial,c3,resprouting_possible,no
Pultenaea villosa,Fabaceae,Pultenaea,Pultenaea villosa Willd.,2.13,myrmecochory,shrub,perennial,c3,fire_killed,no
Sarcopetalum harveyanum,Menispermaceae,Sarcopetalum,Sarcopetalum harveyanum F.Muell.,6,endozoochory,climber_woody,perennial,c3,resprouting_possible,no
Xanthorrhoea minor,Xanthorrhoeaceae,Xanthorrhoea,Xanthorrhoea minor R.Br.,1.48,barochory,shrub,perennial,c3,resprouting_possible,no
