taxon_name,APC_name,family,genus,max_max_height,dispersal,growth_habit,life_history,photosynthetic_pathway,fire_response,water_association
Acacia binervia,Acacia binervia (J.C.Wendl.) J.F.Macbr.,Fabaceae,Acacia,16,zoochory,tree,perennial,c3,fire_killed,no
Acacia brownii,Acacia brownii (Poir.) Steud.,Fabaceae,Acacia,1,zoochory,shrub,perennial,c3,resprouting_possible,no
Acacia decurrens,Acacia decurrens Willd.,Fabaceae,Acacia,15,myrmecochory,tree,perennial,c3,fire_killed,no
Acacia falcata,Acacia falcata Willd.,Fabaceae,Acacia,5,zoochory,tree,perennial,c3,fire_killed,no
Acacia longifolia,Acacia longifolia (Andrews) Willd.,Fabaceae,Acacia,10,myrmecochory,tree,perennial,c3,fire_killed,no
Acacia parramattensis,Acacia parramattensis Tindale,Fabaceae,Acacia,15,myrmecochory,tree,perennial,c3,fire_killed,no
Acacia pubescens,Acacia pubescens (Vent.) R.Br.,Fabaceae,Acacia,5,myrmecochory,shrub,perennial,c3,resprouting_possible,no
Acacia ulicifolia,Acacia ulicifolia (Salisb.) Court,Fabaceae,Acacia,2.19,myrmecochory,shrub,perennial,c3,resprouting_possible,no
Adiantum aethiopicum,Adiantum aethiopicum L.,Pteridaceae,Adiantum,0.5,anemochory,fern,perennial,c3,resprouting_possible,no
Alternanthera denticulata,Alternanthera denticulata R.Br.,Amaranthaceae,Alternanthera,0.9,hydrochory,herb,perennial,c3,fire_killed,yes
Amyema miquelii,Amyema miquelii (Lehm. ex Miq.) Tiegh.,Loranthaceae,Amyema,NA,endozoochory,shrub,perennial,c3,resprouting_possible,no
Angophora floribunda,Angophora floribunda (Sm.) Sweet,Myrtaceae,Angophora,30,mixed,tree,perennial,c3,resprouting_possible,no
Anthosachne scabra,Anthosachne scabra (R.Br.) Nevski,Poaceae,Anthosachne,1.2,epizoochory,graminoid,perennial,c3,resprouting_possible,no
Aristida vagans,Aristida vagans Cav.,Poaceae,Aristida,0.8,epizoochory,graminoid,perennial,c4,resprouting_possible,no
Asperula conferta,Asperula conferta Hook.f.,Rubiaceae,Asperula,0.3,barochory,herb,perennial,c3,resprouting_possible,no
Austrostipa rudis,Austrostipa rudis (Spreng.) S.W.L.Jacobs & J.Everett,Poaceae,Austrostipa,1.2,epizoochory,graminoid,perennial,c3,resprouting_possible,no
Boronia polygalifolia,Boronia polygalifolia Sm.,Rutaceae,Boronia,0.6,ballistic,shrub,perennial,c3,resprouting_possible,no
Bossiaea buxifolia,Bossiaea buxifolia A.Cunn.,Fabaceae,Bossiaea,1.3,zoochory,shrub,perennial,c3,resprouting_possible,no
Bossiaea prostrata,Bossiaea prostrata R.Br.,Fabaceae,Bossiaea,1.5,myrmecochory,shrub,perennial,c3,resprouting_possible,no
Bothriochloa macra,Bothriochloa macra (Steud.) S.T.Blake,Poaceae,Bothriochloa,1,epizoochory,graminoid,perennial,c4,resprouting_possible,no
Brachychiton populneus,Brachychiton populneus (Schott & Endl.) R.Br.,Malvaceae,Brachychiton,20,epizoochory,tree,perennial,c3,resprouting_possible,no
Breynia oblongifolia,Breynia oblongifolia (Müll.Arg.) Müll.Arg.,Phyllanthaceae,Breynia,8,myrmecochory,shrub,perennial,c3,resprouting_possible,no
Brunoniella australis,Brunoniella australis (Cav.) Bremek.,Acanthaceae,Brunoniella,0.2,barochory,herb,perennial,c3,resprouting_possible,no
Brunoniella pumilio,Brunoniella pumilio (R.Br.) Bremek.,Acanthaceae,Brunoniella,0.09,barochory,herb,perennial,c3,resprouting_possible,no
Bursaria spinosa,Bursaria spinosa Cav.,Pittosporaceae,Bursaria,12,anemochory,tree,perennial,c3,resprouting_possible,no
Caesia parviflora,Caesia parviflora R.Br.,Hemerocallidaceae,Caesia,0.55,myrmecochory,herb,perennial,c3,resprouting_possible,no
Callistemon linearifolius,Callistemon linearifolius (Link) DC.,Myrtaceae,Callistemon,4,anemochory,shrub,perennial,c3,resprouting_possible,no
Callistemon linearis,Callistemon linearis (Schrad. & J.C.Wendl.) Colvill ex Sweet,Myrtaceae,Callistemon,3,anemochory,shrub,perennial,c3,resprouting_possible,no
Callistemon pinifolius,Callistemon pinifolius (J.C.Wendl.) Sweet,Myrtaceae,Callistemon,2,anemochory,shrub,perennial,c3,resprouting_possible,no
Callistemon salignus,Callistemon salignus (Sm.) Colvill ex Sweet,Myrtaceae,Callistemon,10,anemochory,tree,perennial,c3,resprouting_possible,no
Calotis cuneifolia,Calotis cuneifolia R.Br.,Asteraceae,Calotis,0.6,epizoochory,herb,perennial,c3,resprouting_possible,no
Calotis lappulacea,Calotis lappulacea Benth.,Asteraceae,Calotis,0.5,epizoochory,shrub,perennial,c3,resprouting_possible,no
Carex inversa,Carex inversa R.Br.,Cyperaceae,Carex,0.75,endozoochory,graminoid,perennial,c3,resprouting_possible,no
Casuarina glauca,Casuarina glauca Sieber ex Spreng.,Casuarinaceae,Casuarina,20,anemochory,tree,perennial,c3,resprouting_possible,yes
Centella asiatica,Centella asiatica (L.) Urb.,Apiaceae,Centella,0.4,barochory,herb,perennial,c3,resprouting_possible,yes
Centipeda minima,Centipeda minima (L.) A.Braun & Asch.,Asteraceae,Centipeda,0.2,epizoochory,herb,short_lived_perennial,c3,fire_killed,yes
Cheilanthes sieberi,Cheilanthes sieberi Kunze,Pteridaceae,Cheilanthes,0.35,barochory,fern,perennial,c3,resprouting_possible,no
Chloris truncata,Chloris truncata R.Br.,Poaceae,Chloris,0.5,anemochory,graminoid,perennial,c4,resprouting_possible,no
Chloris ventricosa,Chloris ventricosa R.Br.,Poaceae,Chloris,1,anemochory,graminoid,perennial,c4,resprouting_possible,no
Chorizema parviflorum,Chorizema parviflorum Benth.,Fabaceae,Chorizema,0.5,myrmecochory,shrub,perennial,c3,resprouting_possible,no
Chrysocephalum apiculatum,Chrysocephalum apiculatum (Labill.) Steetz,Asteraceae,Chrysocephalum,0.8,anemochory,herb,perennial,c3,resprouting_possible,no
Clematis aristata,Clematis aristata R.Br. ex Ker Gawl.,Ranunculaceae,Clematis,15,anemochory,climber_woody,perennial,c3,resprouting_possible,no
Clematis glycinoides,Clematis glycinoides DC.,Ranunculaceae,Clematis,25,anemochory,climber_woody,perennial,c3,resprouting_possible,no
Commelina cyanea,Commelina cyanea R.Br.,Commelinaceae,Commelina,0.1,barochory,herb,perennial,c3,resprouting_possible,no
Correa reflexa,Correa reflexa (Labill.) Vent.,Rutaceae,Correa,3,myrmecochory,shrub,perennial,c3,resprouting_possible,no
Cotula australis,Cotula australis (Sieber ex Spreng.) Hook.f.,Asteraceae,Cotula,0.2,mixed,herb,perennial,c3,fire_killed,no
Crassula sieberiana,Crassula sieberiana (Schult. & Schult.f.) Druce,Crassulaceae,Crassula,0.2,anemochory,herb,perennial,cam,resprouting_possible,no
Cyanthillium cinereum,Cyanthillium cinereum (L.) H.Rob.,Asteraceae,Cyanthillium,1.2,anemochory,herb,perennial,c3,fire_killed,no
Cymbopogon refractus,Cymbopogon refractus (R.Br.) A.Camus,Poaceae,Cymbopogon,1.5,epizoochory,graminoid,perennial,c4,resprouting_possible,no
Daviesia ulicifolia,Daviesia ulicifolia Andrews,Fabaceae,Daviesia,2.5,myrmecochory,shrub,perennial,c3,resprouting_possible,no
Denhamia silvestris,Denhamia silvestris (Lander & L.A.S.Johnson) M.P.Simmons,Celastraceae,Denhamia,45,myrmecochory,tree,perennial,c3,resprouting_possible,no
Desmodium rhytidophyllum,Desmodium rhytidophyllum F.Muell. ex Benth.,Fabaceae,Desmodium,0.2,epizoochory,climber,perennial,c3,resprouting_possible,no
Desmodium varians,Desmodium varians (Labill.) G.Don,Fabaceae,Desmodium,0.5,epizoochory,climber,perennial,c3,resprouting_possible,no
Dianella caerulea,Dianella caerulea Sims,Hemerocallidaceae,Dianella,2,endozoochory,herb,perennial,c3,resprouting_possible,no
Dianella longifolia,Dianella longifolia R.Br.,Hemerocallidaceae,Dianella,0.8,endozoochory,herb,perennial,c3,resprouting_possible,no
Dianella revoluta,Dianella revoluta R.Br.,Hemerocallidaceae,Dianella,1.5,endozoochory,herb,perennial,c3,resprouting_possible,no
Dichelachne micrantha,Dichelachne micrantha (Cav.) Domin,Poaceae,Dichelachne,1.2,epizoochory,graminoid,perennial,c3,resprouting_possible,no
Dichondra repens,Dichondra repens J.R.Forst. & G.Forst.,Convolvulaceae,Dichondra,0.1,barochory,herb,perennial,c3,resprouting_possible,no
Dillwynia sieberi,Dillwynia sieberi Steud.,Fabaceae,Dillwynia,2,zoochory,shrub,perennial,c3,resprouting_possible,no
Diuris maculata,Diuris maculata Sm.,Orchidaceae,Diuris,0.3,anemochory,herb,perennial,c3,resprouting_possible,no
Dodonaea triquetra,Dodonaea triquetra J.C.Wendl.,Sapindaceae,Dodonaea,3.5,myrmecochory,shrub,perennial,c3,resprouting_possible,no
Echinopogon caespitosus,Echinopogon caespitosus C.E.Hubb.,Poaceae,Echinopogon,1.5,epizoochory,graminoid,perennial,c3,no_significant_fire_response,no
Echinopogon ovatus,Echinopogon ovatus (G.Forst.) P.Beauv.,Poaceae,Echinopogon,1.2,epizoochory,graminoid,perennial,c3,resprouting_possible,no
Einadia hastata,Einadia hastata (R.Br.) A.J.Scott,Chenopodiaceae,Einadia,2,endozoochory,shrub,perennial,c3,fire_killed,no
Entolasia marginata,Entolasia marginata (R.Br.) Hughes,Poaceae,Entolasia,2,mixed,graminoid,perennial,c3,resprouting_possible,no
Entolasia stricta,Entolasia stricta (R.Br.) Hughes,Poaceae,Entolasia,1.5,mixed,graminoid,perennial,c3,resprouting_possible,no
Epilobium billardiereanum,Epilobium billardiereanum Ser.,Onagraceae,Epilobium,1,anemochory,herb,perennial,c3,resprouting_possible,no
Eragrostis brownii,Eragrostis brownii (Kunth) Nees,Poaceae,Eragrostis,0.6,barochory,graminoid,perennial,c4,resprouting_possible,no
Eragrostis leptostachya,Eragrostis leptostachya (R.Br.) Steud.,Poaceae,Eragrostis,1,mixed,graminoid,perennial,c4,resprouting_possible,no
Eremophila debilis,Eremophila debilis (Andrews) Chinnock,Scrophulariaceae,Eremophila,2,endozoochory,shrub,perennial,c3,resprouting_possible,no
Eriochloa pseudoacrotricha,Eriochloa pseudoacrotricha (Stapf ex Thell.) J.M.Black,Poaceae,Eriochloa,1,mixed,graminoid,perennial,c4,fire_killed,no
Eucalyptus amplifolia,Eucalyptus amplifolia Naudin,Myrtaceae,Eucalyptus,30,barochory,tree,perennial,c3,resprouting_possible,no
Eucalyptus eugenioides,Eucalyptus eugenioides Sieber ex Spreng.,Myrtaceae,Eucalyptus,30,mixed,tree,perennial,c3,resprouting_possible,no
Eucalyptus fibrosa,Eucalyptus fibrosa F.Muell.,Myrtaceae,Eucalyptus,35,mixed,tree,perennial,c3,resprouting_possible,no
Eucalyptus globoidea,Eucalyptus globoidea Blakely,Myrtaceae,Eucalyptus,40,barochory,tree,perennial,c3,resprouting_possible,no
Eucalyptus longifolia,Eucalyptus longifolia Link,Myrtaceae,Eucalyptus,35,mixed,tree,perennial,c3,resprouting_possible,no
Eucalyptus moluccana,Eucalyptus moluccana Roxb.,Myrtaceae,Eucalyptus,30,mixed,tree,perennial,c3,resprouting_possible,no
Eucalyptus punctata,Eucalyptus punctata DC.,Myrtaceae,Eucalyptus,35,anemochory,tree,perennial,c3,resprouting_possible,no
Eucalyptus resinifera,Eucalyptus resinifera J.White,Myrtaceae,Eucalyptus,45,mixed,tree,perennial,c3,resprouting_possible,no
Eucalyptus tereticornis,Eucalyptus tereticornis Sm.,Myrtaceae,Eucalyptus,50,anemochory,tree,perennial,c3,resprouting_possible,no
Euchiton sphaericus,Euchiton sphaericus (Willd.) Holub,Asteraceae,Euchiton,1,anemochory,herb,annual,c3,fire_killed,no
Eustrephus latifolius,Eustrephus latifolius R.Br.,Asparagaceae,Eustrephus,10,endozoochory,climber_woody,perennial,c3,resprouting_possible,no
Exocarpos cupressiformis,Exocarpos cupressiformis Labill.,Santalaceae,Exocarpos,10,endozoochory,tree,perennial,c3,resprouting_possible,no
Gahnia aspera,Gahnia aspera (R.Br.) Spreng.,Cyperaceae,Gahnia,0.65,endozoochory,graminoid,perennial,c3,resprouting_possible,no
Gahnia melanocarpa,Gahnia melanocarpa R.Br.,Cyperaceae,Gahnia,2,endozoochory,graminoid,perennial,c3,resprouting_possible,no
Geranium solanderi,Geranium solanderi Carolin,Geraniaceae,Geranium,0.5,epizoochory,herb,perennial,c3,resprouting_possible,no
Glochidion ferdinandi,Glochidion ferdinandi (Müll.Arg.) F.M.Bailey,Phyllanthaceae,Glochidion,35,mixed,tree,perennial,c3,resprouting_possible,no
Glossocardia bidens,Glossocardia bidens (Retz.) Veldkamp,Asteraceae,Glossocardia,0.4,epizoochory,herb,perennial,c4,fire_killed,no
Glycine clandestina,Glycine clandestina J.C.Wendl.,Fabaceae,Glycine,2,barochory,climber,perennial,c3,resprouting_possible,no
Glycine microphylla,Glycine microphylla (Benth.) Tindale,Fabaceae,Glycine,0.3,myrmecochory,climber,perennial,c3,resprouting_possible,no
Glycine tabacina,Glycine tabacina (Labill.) Benth.,Fabaceae,Glycine,0.3,myrmecochory,climber,perennial,c3,resprouting_possible,no
Goodenia hederacea,Goodenia hederacea Sm.,Goodeniaceae,Goodenia,0.8,zoochory,herb,perennial,c3,resprouting_possible,no
Goodenia paniculata,Goodenia paniculata Sm.,Goodeniaceae,Goodenia,0.5,zoochory,herb,perennial,c3,resprouting_possible,yes
Gratiola pedunculata,Gratiola pedunculata R.Br.,Plantaginaceae,Gratiola,0.5,epizoochory,herb,perennial,c3,resprouting_possible,yes
Hakea sericea,Hakea sericea Schrad. & J.C.Wendl.,Proteaceae,Hakea,4,anemochory,tree,perennial,c3,fire_killed,no
Hardenbergia violacea,Hardenbergia violacea (Schneev.) Stearn,Fabaceae,Hardenbergia,2.5,myrmecochory,climber_woody,perennial,c3,resprouting_possible,no
Hibbertia aspera,Hibbertia aspera DC.,Dilleniaceae,Hibbertia,2,myrmecochory,shrub,perennial,c3,resprouting_possible,no
Hibbertia diffusa,Hibbertia diffusa R.Br. ex DC.,Dilleniaceae,Hibbertia,0.5,zoochory,shrub,perennial,c3,resprouting_possible,no
Hibbertia pedunculata,Hibbertia pedunculata R.Br. ex DC.,Dilleniaceae,Hibbertia,0.4,zoochory,shrub,perennial,c3,resprouting_possible,no
Homalanthus populifolius,Homalanthus populifolius Graham,Euphorbiaceae,Homalanthus,8,endozoochory,tree,perennial,c3,resprouting_possible,no
Hydrocotyle sibthorpioides,Hydrocotyle sibthorpioides Lam.,Araliaceae,Hydrocotyle,0.15,barochory,herb,perennial,c3,resprouting_possible,yes
Hypericum gramineum,Hypericum gramineum G.Forst.,Hypericaceae,Hypericum,0.5,barochory,herb,perennial,c3,resprouting_possible,no
Hypoxis hygrometrica,Hypoxis hygrometrica Labill.,Hypoxidaceae,Hypoxis,0.2,barochory,herb,perennial,c3,resprouting_possible,no
Imperata cylindrica,Imperata cylindrica (L.) P.Beauv.,Poaceae,Imperata,1.5,anemochory,graminoid,perennial,c4,resprouting_possible,no
Indigofera australis,Indigofera australis Willd.,Fabaceae,Indigofera,2.5,barochory,shrub,perennial,c3,resprouting_possible,no
Isolepis cernua,Isolepis cernua (Vahl) Roem. & Schult.,Cyperaceae,Isolepis,0.3,epizoochory,graminoid,perennial,c3,resprouting_possible,yes
Juncus bufonius,Juncus bufonius L.,Juncaceae,Juncus,0.3,barochory,graminoid,annual,c3,fire_killed,yes
Juncus planifolius,Juncus planifolius R.Br.,Juncaceae,Juncus,0.75,barochory,graminoid,perennial,c3,resprouting_possible,yes
Juncus subsecundus,Juncus subsecundus N.A.Wakef.,Juncaceae,Juncus,1,mixed,graminoid,perennial,c3,resprouting_possible,no
Juncus usitatus,Juncus usitatus L.A.S.Johnson,Juncaceae,Juncus,1.2,mixed,graminoid,perennial,c3,resprouting_possible,yes
Kunzea ambigua,Kunzea ambigua (Sm.) Druce,Myrtaceae,Kunzea,35,mixed,shrub,perennial,c3,fire_killed,no
Lachnagrostis filiformis,Lachnagrostis filiformis (G.Forst.) Trin.,Poaceae,Lachnagrostis,0.8,anemochory,graminoid,perennial,c3,resprouting_possible,yes
Lasiopetalum parviflorum,Lasiopetalum parviflorum Rudge,Malvaceae,Lasiopetalum,1,myrmecochory,shrub,perennial,c3,resprouting_possible,no
Laxmannia gracilis,Laxmannia gracilis R.Br.,Asparagaceae,Laxmannia,0.4,barochory,herb,perennial,c3,resprouting_possible,no
Lepidosperma laterale,Lepidosperma laterale R.Br.,Cyperaceae,Lepidosperma,1,myrmecochory,graminoid,perennial,c3,resprouting_possible,no
Leptospermum polygalifolium,Leptospermum polygalifolium Salisb.,Myrtaceae,Leptospermum,10,anemochory,tree,perennial,c3,resprouting_possible,no
Leptospermum trinervium,Leptospermum trinervium (J.White) Sm.,Myrtaceae,Leptospermum,6,anemochory,tree,perennial,c3,resprouting_possible,no
Leucopogon affinis,Leucopogon affinis R.Br.,Ericaceae,Leucopogon,3,endozoochory,shrub,perennial,c3,resprouting_possible,no
Leucopogon juniperinus,Leucopogon juniperinus R.Br.,Ericaceae,Leucopogon,1,endozoochory,shrub,perennial,c3,resprouting_possible,no
Linum marginale,Linum marginale A.Cunn.,Linaceae,Linum,1.2,mixed,herb,perennial,c3,resprouting_possible,no
Lissanthe strigosa,Lissanthe strigosa (Sm.) R.Br.,Ericaceae,Lissanthe,1,endozoochory,shrub,perennial,c3,resprouting_possible,no
Lobelia anceps,Lobelia anceps L.f.,Campanulaceae,Lobelia,1.2,mixed,herb,perennial,c3,resprouting_possible,yes
Lomandra filiformis,Lomandra filiformis (Thunb.) Britten,Asparagaceae,Lomandra,0.54,myrmecochory,graminoid,perennial,c3,resprouting_possible,no
Lomandra longifolia,Lomandra longifolia Labill.,Asparagaceae,Lomandra,1,myrmecochory,graminoid,perennial,c3,resprouting_possible,no
Lomandra multiflora,Lomandra multiflora (R.Br.) Britten,Asparagaceae,Lomandra,0.3,myrmecochory,graminoid,perennial,c3,resprouting_possible,no
Lythrum hyssopifolia,Lythrum hyssopifolia L.,Lythraceae,Lythrum,0.6,mixed,herb,short_lived_perennial,c3,fire_killed,yes
Melaleuca decora,Melaleuca decora (Salisb.) Britten,Myrtaceae,Melaleuca,7,anemochory,tree,perennial,c3,resprouting_possible,no
Melaleuca diosmatifolia,Melaleuca diosmatifolia Dum.Cours.,Myrtaceae,Melaleuca,4,anemochory,shrub,perennial,c3,resprouting_possible,no
Melaleuca linariifolia,Melaleuca linariifolia Sm.,Myrtaceae,Melaleuca,10,anemochory,tree,perennial,c3,resprouting_possible,no
Melaleuca nodosa,Melaleuca nodosa (Sol. ex Gaertn.) Sm.,Myrtaceae,Melaleuca,4,anemochory,tree,perennial,c3,resprouting_possible,no
Melaleuca styphelioides,Melaleuca styphelioides Sm.,Myrtaceae,Melaleuca,20,anemochory,tree,perennial,c3,resprouting_possible,no
Mentha diemenica,Mentha diemenica Spreng.,Lamiaceae,Mentha,0.5,mixed,herb,perennial,c3,resprouting_possible,no
Microlaena stipoides,Microlaena stipoides (Labill.) R.Br.,Poaceae,Microlaena,1,epizoochory,graminoid,perennial,c3,resprouting_possible,no
Muellerina eucalyptoides,Muellerina eucalyptoides (DC.) Barlow,Loranthaceae,Muellerina,NA,endozoochory,shrub,perennial,c3,fire_killed,no
Myoporum boninense,Myoporum boninense Koidz.,Scrophulariaceae,Myoporum,2.8,endozoochory,shrub,perennial,c3,fire_killed,no
Myrsine variabilis,Myrsine variabilis R.Br.,Primulaceae,Myrsine,15,endozoochory,tree,perennial,c3,resprouting_possible,no
Notelaea longifolia,Notelaea longifolia Vent.,Oleaceae,Notelaea,9,endozoochory,tree,perennial,c3,resprouting_possible,no
Notelaea ovata,Notelaea ovata R.Br.,Oleaceae,Notelaea,1,endozoochory,shrub,perennial,c3,resprouting_possible,no
Olearia microphylla,Olearia microphylla (Vent.) Maiden & Betche,Asteraceae,Olearia,2,anemochory,shrub,perennial,c3,resprouting_possible,no
Olearia viscidula,Olearia viscidula (F.Muell.) Benth.,Asteraceae,Olearia,2.5,anemochory,shrub,perennial,c3,resprouting_possible,no
Opercularia varia,Opercularia varia Hook.f.,Rubiaceae,Opercularia,0.3,myrmecochory,subshrub,perennial,c3,resprouting_possible,no
Oplismenus hirtellus,Oplismenus hirtellus (L.) P.Beauv.,Poaceae,Oplismenus,3,epizoochory,graminoid,perennial,c3,resprouting_possible,no
Oxalis perennans,Oxalis perennans Haw.,Oxalidaceae,Oxalis,0.5,mixed,herb,perennial,c3,resprouting_possible,no
Ozothamnus diosmifolius,Ozothamnus diosmifolius (Vent.) DC.,Asteraceae,Ozothamnus,5,anemochory,shrub,perennial,c3,resprouting_possible,no
Pandorea pandorana,Pandorea pandorana (Andrews) Steenis,Bignoniaceae,Pandorea,43,anemochory,climber_woody,perennial,c3,resprouting_possible,no
Panicum simile,Panicum simile Domin,Poaceae,Panicum,0.7,mixed,graminoid,perennial,c4,resprouting_possible,no
Paspalidium criniforme,Paspalidium criniforme S.T.Blake,Poaceae,Paspalidium,0.6,mixed,graminoid,perennial,c4,resprouting_possible,no
Paspalidium distans,Paspalidium distans (Trin.) Hughes,Poaceae,Paspalidium,1,mixed,graminoid,perennial,c4,resprouting_possible,no
Pelargonium inodorum,Pelargonium inodorum Willd.,Geraniaceae,Pelargonium,0.4,mixed,herb,short_lived_perennial,c3,fire_killed,no
Pellaea falcata,Pellaea falcata (R.Br.) Fée,Pteridaceae,Pellaea,1,anemochory,fern,perennial,c3,resprouting_possible,no
Persicaria decipiens,Persicaria decipiens (R.Br.) K.L.Wilson,Polygonaceae,Persicaria,1,epizoochory,herb,perennial,c3,resprouting_possible,yes
Persicaria lapathifolia,Persicaria lapathifolia (L.) Delarbre,Polygonaceae,Persicaria,1.8,epizoochory,herb,biennial,c3,resprouting_possible,yes
Persoonia linearis,Persoonia linearis Andrews,Proteaceae,Persoonia,5,endozoochory,tree,perennial,c3,resprouting_possible,no
Phragmites australis,Phragmites australis (Cav.) Trin. ex Steud.,Poaceae,Phragmites,6,anemochory,graminoid,perennial,c3,resprouting_possible,yes
Phyllanthus gunnii,Phyllanthus gunnii Hook.f.,Phyllanthaceae,Phyllanthus,5,mixed,shrub,perennial,c3,resprouting_possible,no
Pimelea linifolia,Pimelea linifolia Sm.,Thymelaeaceae,Pimelea,1.68,myrmecochory,shrub,perennial,c3,resprouting_possible,no
Pittosporum multiflorum,"Pittosporum multiflorum (A.Cunn. ex Loudon) L.W.Cayzer, Crisp & I.Telford",Pittosporaceae,Pittosporum,4.2,endozoochory,shrub,perennial,c3,resprouting_possible,no
Pittosporum revolutum,Pittosporum revolutum W.T.Aiton,Pittosporaceae,Pittosporum,6,endozoochory,tree,perennial,c3,resprouting_possible,no
Pittosporum undulatum,Pittosporum undulatum Vent.,Pittosporaceae,Pittosporum,27.5,endozoochory,tree,perennial,c3,resprouting_possible,no
Plantago debilis,Plantago debilis R.Br.,Plantaginaceae,Plantago,0.4,barochory,herb,perennial,c3,resprouting_possible,no
Plectranthus parviflorus,Plectranthus parviflorus Willd.,Lamiaceae,Plectranthus,1,endozoochory,shrub,perennial,cam,fire_killed,no
Poa sieberiana,Poa sieberiana Spreng.,Poaceae,Poa,1.07,mixed,graminoid,perennial,c3,resprouting_possible,no
Polyscias sambucifolia,Polyscias sambucifolia (Sieber ex DC.) Harms,Araliaceae,Polyscias,11,endozoochory,tree,perennial,c3,resprouting_possible,no
Poranthera microphylla,Poranthera microphylla Brongn.,Phyllanthaceae,Poranthera,0.45,myrmecochory,herb,short_lived_perennial,c3,resprouting_possible,no
Portulaca oleracea,Portulaca oleracea L.,Portulacaceae,Portulaca,0.2,barochory,herb,perennial,c4,resprouting_possible,no
Pseudognaphalium luteoalbum,Pseudognaphalium luteoalbum (L.) Hilliard & B.L.Burtt,Asteraceae,Pseudognaphalium,0.7,anemochory,herb,perennial,c3,fire_killed,no
Pteridium esculentum,Pteridium esculentum (G.Forst.) Cockayne,Dennstaedtiaceae,Pteridium,3,anemochory,fern,perennial,c3,resprouting_possible,no
Pterostylis nutans,Pterostylis nutans R.Br.,Orchidaceae,Pterostylis,0.4,anemochory,herb,perennial,c3,resprouting_possible,no
Rubus parvifolius,Rubus parvifolius L.,Rosaceae,Rubus,1,endozoochory,climber_woody,perennial,c3,resprouting_possible,no
Rumex brownii,Rumex brownii Campd.,Polygonaceae,Rumex,1.05,epizoochory,herb,perennial,c3,resprouting_possible,no
Rytidosperma fulvum,Rytidosperma fulvum (Vickery) A.M.Humphreys & H.P.Linder,Poaceae,Rytidosperma,1.15,epizoochory,graminoid,perennial,c3,resprouting_possible,no
Rytidosperma setaceum,Rytidosperma setaceum (R.Br.) Connor & Edgar,Poaceae,Rytidosperma,1,epizoochory,graminoid,perennial,c3,resprouting_possible,no
Rytidosperma tenuius,Rytidosperma tenuius (Steud.) A.Hansen & Sunding,Poaceae,Rytidosperma,1.2,epizoochory,graminoid,perennial,c3,resprouting_possible,no
Scaevola albida,Scaevola albida (Sm.) Druce,Goodeniaceae,Scaevola,0.5,mixed,subshrub,perennial,c3,resprouting_possible,no
Schoenus apogon,Schoenus apogon Roem. & Schult.,Cyperaceae,Schoenus,0.25,mixed,graminoid,perennial,c3,resprouting_possible,yes
Senecio hispidulus,Senecio hispidulus A.Rich.,Asteraceae,Senecio,1.3,anemochory,herb,perennial,c3,resprouting_possible,no
Solenogyne bellioides,Solenogyne bellioides Cass.,Asteraceae,Solenogyne,0.18,anemochory,herb,perennial,c3,resprouting_possible,no
Stackhousia muricata,Stackhousia muricata Lindl.,Celastraceae,Stackhousia,0.6,zoochory,herb,perennial,c3,fire_killed,no
Themeda triandra,Themeda triandra Forssk.,Poaceae,Themeda,2,epizoochory,graminoid,perennial,c4,resprouting_possible,no
Thysanotus tuberosus,Thysanotus tuberosus R.Br.,Asparagaceae,Thysanotus,0.7,myrmecochory,herb,perennial,c3,resprouting_possible,no
Triglochin striata,Triglochin striata Ruiz & Pav.,Juncaginaceae,Triglochin,0.5,hydrochory,herb,perennial,c3,resprouting_possible,yes
Triptilodiscus pygmaeus,Triptilodiscus pygmaeus Turcz.,Asteraceae,Triptilodiscus,0.12,anemochory,herb,annual,c3,fire_killed,no
Typha orientalis,Typha orientalis C.Presl,Typhaceae,Typha,4.5,anemochory,herb,perennial,c3,resprouting_possible,yes
Veronica plebeia,Veronica plebeia R.Br.,Plantaginaceae,Veronica,0.4,barochory,herb,perennial,c3,resprouting_possible,no
Vincetoxicum barbatum,Vincetoxicum barbatum (R.Br.) Kuntze,Apocynaceae,Vincetoxicum,2,anemochory,climber_woody,perennial,c3,resprouting_possible,no
Vittadinia cuneata,Vittadinia cuneata DC.,Asteraceae,Vittadinia,0.4,anemochory,subshrub,perennial,c3,resprouting_possible,no
Wahlenbergia gracilis,Wahlenbergia gracilis (G.Forst.) A.DC.,Campanulaceae,Wahlenbergia,0.8,anemochory,herb,perennial,c3,resprouting_possible,no
Zieria smithii,Zieria smithii Andrews,Rutaceae,Zieria,2,myrmecochory,shrub,perennial,c3,resprouting_possible,no
Zornia dyctiocarpa,Zornia dyctiocarpa DC.,Fabaceae,Zornia,0.3,epizoochory,herb,perennial,c3,resprouting_possible,no
Amyema gaudichaudii,Amyema gaudichaudii (DC.) Tiegh.,Loranthaceae,Amyema,NA,endozoochory,shrub,perennial,c3,fire_killed,no
Arthropodium sp. South-east Highlands (N.G.Walsh 811),Arthropodium sp. South-east Highlands (N.G.Walsh 811) Vic. Herbarium,Asparagaceae,Arthropodium,1.16,barochory,herb,perennial,c3,resprouting_possible,no
Brachyscome triloba,Brachyscome triloba Gaudich.,Asteraceae,Brachyscome,0.12,zoochory,herb,perennial,c3,resprouting_possible,no
Cassinia sifton,Cassinia sifton Orchard,Asteraceae,Cassinia,2.66,anemochory,shrub,perennial,c3,fire_killed,no
Cassytha paniculata,Cassytha paniculata R.Br.,Lauraceae,Cassytha,0.4,endozoochory,climber,perennial,c3,fire_killed,no
Dendrophthoe vitellina,Dendrophthoe vitellina (F.Muell.) Tiegh.,Loranthaceae,Dendrophthoe,NA,endozoochory,shrub,perennial,c3,fire_killed,no
Einadia polygonoides,Einadia polygonoides (Murr) Paul G.Wilson,Chenopodiaceae,Einadia,0.14,zoochory,herb,perennial,c3,fire_killed,no
Einadia trigonos,Einadia trigonos (Schult.) Paul G.Wilson,Chenopodiaceae,Einadia,0.81,zoochory,herb,perennial,c3,fire_killed,no
Kennedia rubicunda,Kennedia rubicunda (Schneev.) Vent.,Fabaceae,Kennedia,1.71,myrmecochory,climber,perennial,c3,resprouting_possible,no
Lagenophora sublyrata,Lagenophora sublyrata (Cass.) A.R.Bean & Jian Wang ter,Asteraceae,Lagenophora,0.07,mixed,herb,perennial,c3,resprouting_possible,no
Lobelia purpurascens,Lobelia purpurascens R.Br.,Campanulaceae,Lobelia,0.28,zoochory,herb,perennial,c3,resprouting_possible,no
Macrozamia spiralis,Macrozamia spiralis (Salisb.) Miq.,Zamiaceae,Macrozamia,1.04,barochory,shrub,perennial,c3,resprouting_possible,no
Opercularia diphylla,Opercularia diphylla Gaertn.,Rubiaceae,Opercularia,0.29,myrmecochory,herb,perennial,c3,resprouting_possible,no
Oxalis thompsoniae,Oxalis thompsoniae B.J.Conn & P.G.Richards,Oxalidaceae,Oxalis,0.25,barochory,herb,perennial,c3,fire_killed,no
Polymeria calycina,Polymeria calycina R.Br.,Convolvulaceae,Polymeria,0.8,mixed,climber,perennial,c3,resprouting_possible,no
Pultenaea villosa,Pultenaea villosa Willd.,Fabaceae,Pultenaea,2.13,myrmecochory,shrub,perennial,c3,fire_killed,no
Sarcopetalum harveyanum,Sarcopetalum harveyanum F.Muell.,Menispermaceae,Sarcopetalum,6,endozoochory,climber_woody,perennial,c3,resprouting_possible,no
Xanthorrhoea minor,Xanthorrhoea minor R.Br.,Xanthorrhoeaceae,Xanthorrhoea,1.48,barochory,shrub,perennial,c3,resprouting_possible,no
