taxon_name,Family,Genus,Species with author,maximum_height_metres,dispersal_syndrome,growth_habit,life_history,photosynthetic_pathway,fire_response,water_association,status
Parsonsia straminea,Apocynaceae,Parsonsia,Parsonsia straminea (R.Br.) F.Muell.,30,anemochory,climber_woody,perennial,c3,resprouting_possible,no,extinct
Arthropodium minus,Asparagaceae,Arthropodium,Arthropodium minus R.Br.,0.5,barochory,herb,perennial,c3,resprouting_possible,no,extinct
Arthropodium strictum,Asparagaceae,Arthropodium,Arthropodium strictum R.Br.,1.2,barochory,herb,perennial,c3,resprouting_possible,no,extinct
Lomandra fluviatilis,Asparagaceae,Lomandra,Lomandra fluviatilis (R.Br.) A.T.Lee,0.75,mixed,herb,perennial,c3,resprouting_possible,yes,extinct
Brachyscome graminea,Asteraceae,Brachyscome,Brachyscome graminea (Labill.) F.Muell.,0.7,zoochory,herb,perennial,c3,resprouting_possible,no,extinct
Coronidium scorpioides,Asteraceae,Coronidium,Coronidium scorpioides (Labill.) Paul G.Wilson,0.901,anemochory,herb,perennial,c3,resprouting_possible,no,extinct
Picris angustifolia,Asteraceae,Picris,Picris angustifolia DC.,1.4,anemochory,herb,perennial,c3,fire_killed,no,extinct
Senecio bathurstianus,Asteraceae,Senecio,Senecio bathurstianus (DC.) Sch.Bip.,1.5,anemochory,herb,annual,c3,fire_killed,no,extinct
Senecio linearifolius,Asteraceae,Senecio,Senecio linearifolius A.Rich.,2,anemochory,subshrub,perennial,c3,fire_killed,no,extinct
Senecio quadridentatus,Asteraceae,Senecio,Senecio quadridentatus Labill.,1.5,anemochory,herb,perennial,c3,fire_killed,no,extinct
Sphaeromorphaea australis,Asteraceae,Sphaeromorphaea,Sphaeromorphaea australis (Less.) Kitam.,0.3,epizoochory,herb,perennial,c3,fire_killed,no,extinct
Vittadinia muelleri,Asteraceae,Vittadinia,Vittadinia muelleri N.T.Burb.,0.3,anemochory,herb,perennial,c3,resprouting_possible,no,extinct
Cardamine lilacina,Brassicaceae,Cardamine,Cardamine lilacina Hook.,0.5,epizoochory,herb,perennial,c3,resprouting_possible,no,extinct
Isotoma fluviatilis,Campanulaceae,Isotoma,Isotoma fluviatilis (R.Br.) F.Muell. ex Benth.,0.1,zoochory,herb,perennial,c3,resprouting_possible,yes,extinct
Wahlenbergia capillaris,Campanulaceae,Wahlenbergia,Wahlenbergia capillaris (G.Lodd.) G.Don,0.75,mixed,herb,perennial,c3,resprouting_possible,no,extinct
Wahlenbergia stricta,Campanulaceae,Wahlenbergia,Wahlenbergia stricta (R.Br.) Sweet,0.9,barochory,herb,perennial,c3,resprouting_possible,no,extinct
Dysphania littoralis,Chenopodiaceae,Dysphania,Dysphania littoralis R.Br.,0.1,mixed,herb,short_lived_perennial,c3,fire_killed,no,extinct
Einadia nutans,Chenopodiaceae,Einadia,Einadia nutans (R.Br.) A.J.Scott,1,endozoochory,herb,perennial,c3,fire_killed,no,extinct
Maireana microphylla,Chenopodiaceae,Maireana,Maireana microphylla (Moq.) Paul G.Wilson,1,anemochory,shrub,perennial,c4,fire_killed,no,extinct
Bolboschoenus caldwellii,Cyperaceae,Bolboschoenus,Bolboschoenus caldwellii (V.J.Cook) Soják,1.2,endozoochory,graminoid,perennial,c3,resprouting_possible,yes,extinct
Cyperus mirus,Cyperaceae,Cyperus,Cyperus mirus C.B.Clarke,0.55,hydrochory,graminoid,perennial,c3,NA,yes,extinct
Cyperus polystachyos,Cyperaceae,Cyperus,Cyperus polystachyos Rottb.,0.6,hydrochory,graminoid,perennial,c4,resprouting_possible,yes,extinct
Eleocharis acuta,Cyperaceae,Eleocharis,Eleocharis acuta R.Br.,0.9,mixed,graminoid,perennial,c3,resprouting_possible,yes,extinct
Lepidosperma lineare,Cyperaceae,Lepidosperma,Lepidosperma lineare R.Br.,0.6,myrmecochory,graminoid,perennial,c3,resprouting_possible,no,extinct
Astroloma humifusum,Ericaceae,Astroloma,Astroloma humifusum (Cav.) R.Br.,0.7,endozoochory,shrub,perennial,c3,resprouting_possible,no,extinct
Euphorbia drummondii,Euphorbiaceae,Euphorbia,Euphorbia drummondii Boiss.,0.3,barochory,herb,perennial,c4,fire_killed,no,extinct
Acacia stricta,Fabaceae,Acacia,Acacia stricta (Andrews) Willd.,6,myrmecochory,tree,perennial,c3,resprouting_possible,no,extinct
Gompholobium glabratum,Fabaceae,Gompholobium,Gompholobium glabratum DC.,0.4,myrmecochory,shrub,perennial,c3,resprouting_possible,no,extinct
Pultenaea retusa,Fabaceae,Pultenaea,Pultenaea retusa Sm.,1,myrmecochory,shrub,perennial,c3,fire_killed,no,extinct
Goodenia bellidifolia,Goodeniaceae,Goodenia,Goodenia bellidifolia Sm.,0.6,myrmecochory,herb,perennial,c3,resprouting_possible,no,extinct
Goodenia ovata,Goodeniaceae,Goodenia,Goodenia ovata Sm.,2.5,myrmecochory,shrub,perennial,c3,resprouting_possible,no,extinct
Gonocarpus tetragynus,Haloragaceae,Gonocarpus,Gonocarpus tetragynus Labill.,0.4,barochory,subshrub,perennial,c3,resprouting_possible,no,extinct
Tricoryne elatior,Hemerocallidaceae,Tricoryne,Tricoryne elatior R.Br.,0.7,barochory,herb,perennial,c3,resprouting_possible,no,extinct
Tricoryne simplex,Hemerocallidaceae,Tricoryne,Tricoryne simplex R.Br.,0.3,mixed,herb,perennial,c3,resprouting_possible,no,extinct
Juncus continuus,Juncaceae,Juncus,Juncus continuus L.A.S.Johnson,1.15,epizoochory,graminoid,perennial,c3,resprouting_possible,yes,extinct
Juncus homalocaulis,Juncaceae,Juncus,Juncus homalocaulis F.Muell. ex Benth.,0.4,mixed,graminoid,perennial,c3,resprouting_possible,no,extinct
Juncus mollis,Juncaceae,Juncus,Juncus mollis L.A.S.Johnson,1.45,mixed,graminoid,perennial,c3,resprouting_possible,yes,extinct
Juncus polyanthemus,Juncaceae,Juncus,Juncus polyanthemus Buchenau,1.5,epizoochory,graminoid,perennial,c3,resprouting_possible,yes,extinct
Juncus procerus,Juncaceae,Juncus,Juncus procerus E.Mey.,2.5,mixed,graminoid,perennial,c3,resprouting_possible,yes,extinct
Juncus remotiflorus,Juncaceae,Juncus,Juncus remotiflorus L.A.S.Johnson,0.7,epizoochory,graminoid,perennial,c3,resprouting_possible,yes,extinct
Juncus vaginatus,Juncaceae,Juncus,Juncus vaginatus R.Br.,1.7,mixed,graminoid,perennial,c3,resprouting_possible,yes,extinct
Cassytha glabella,Lauraceae,Cassytha,Cassytha glabella R.Br.,1,endozoochory,climber,perennial,c3,fire_killed,no,extinct
Mitrasacme polymorpha,Loganiaceae,Mitrasacme,Mitrasacme polymorpha R.Br.,0.3,mixed,herb,perennial,c3,resprouting_possible,no,extinct
Commersonia dasyphylla,Malvaceae,Commersonia,Commersonia dasyphylla Andrews,4,zoochory,shrub,perennial,c3,fire_killed,no,extinct
Eucalyptus sideroxylon,Myrtaceae,Eucalyptus,Eucalyptus sideroxylon A.Cunn. ex Woolls,35,anemochory,tree,perennial,c3,resprouting_possible,no,extinct
Syncarpia glomulifera,Myrtaceae,Syncarpia,Syncarpia glomulifera (Sm.) Nied.,25,anemochory,tree,perennial,c3,resprouting_possible,no,extinct
Diuris sulphurea,Orchidaceae,Diuris,Diuris sulphurea R.Br.,0.6,anemochory,herb,perennial,c3,resprouting_possible,no,extinct
Microtis,Orchidaceae,Microtis,Microtis,0.6,anemochory,herb,perennial,c3,resprouting_possible,no,extinct
Thelymitra pauciflora,Orchidaceae,Thelymitra,Thelymitra pauciflora R.Br.,0.5,anemochory,herb,perennial,c3,resprouting_possible,no,extinct
Billardiera scandens,Pittosporaceae,Billardiera,Billardiera scandens Sm.,3,endozoochory,climber_woody,perennial,c3,resprouting_possible,no,extinct
Plantago varia,Plantaginaceae,Plantago,Plantago varia R.Br.,0.2,barochory,herb,perennial,c3,resprouting_possible,no,extinct
Veronica calycina,Plantaginaceae,Veronica,Veronica calycina R.Br.,0.5,barochory,herb,perennial,c3,resprouting_possible,no,extinct
Amphibromus neesii,Poaceae,Amphibromus,Amphibromus neesii Steud.,1.5,epizoochory,graminoid,perennial,c3,fire_killed,yes,extinct
Aristida ramosa,Poaceae,Aristida,Aristida ramosa R.Br.,1.2,epizoochory,graminoid,perennial,c4,resprouting_possible,no,extinct
Austrostipa pubescens,Poaceae,Austrostipa,Austrostipa pubescens (R.Br.) S.W.L.Jacobs & J.Everett,1.5,epizoochory,graminoid,perennial,c3,resprouting_possible,no,extinct
Austrostipa scabra,Poaceae,Austrostipa,Austrostipa scabra (Lindl.) S.W.L.Jacobs & J.Everett,0.95,epizoochory,graminoid,perennial,c3,resprouting_possible,no,extinct
Austrostipa setacea,Poaceae,Austrostipa,Austrostipa setacea (R.Br.) S.W.L.Jacobs & J.Everett,0.8,epizoochory,graminoid,perennial,c3,resprouting_possible,no,extinct
Bothriochloa decipiens,Poaceae,Bothriochloa,Bothriochloa decipiens (Hack.) C.E.Hubb.,2,mixed,graminoid,perennial,c4,resprouting_possible,no,extinct
Deyeuxia quadriseta,Poaceae,Deyeuxia,Deyeuxia quadriseta (Labill.) Benth.,1.5,epizoochory,graminoid,perennial,c3,resprouting_possible,yes,extinct
Dichelachne rara,Poaceae,Dichelachne,Dichelachne rara (R.Br.) Vickery,1.3,epizoochory,graminoid,perennial,c3,resprouting_possible,no,extinct
Digitaria ramularis,Poaceae,Digitaria,Digitaria ramularis (Trin.) Henrard,1,anemochory,graminoid,perennial,c4,resprouting_possible,no,extinct
Echinochloa telmatophila,Poaceae,Echinochloa,Echinochloa telmatophila P.W.Michael & Vickery,2,anemochory,graminoid,annual,c4,fire_killed,yes,extinct
Eragrostis benthamii,Poaceae,Eragrostis,Eragrostis benthamii Mattei,0.6,mixed,graminoid,perennial,c4,NA,no,extinct
Eragrostis elongata,Poaceae,Eragrostis,Eragrostis elongata (Willd.) J.Jacq.,0.9,mixed,graminoid,perennial,c4,fire_killed,no,extinct
Eragrostis parviflora,Poaceae,Eragrostis,Eragrostis parviflora (R.Br.) Trin.,1.35,barochory,graminoid,perennial,c4,fire_killed,no,extinct
Lachnagrostis aemula,Poaceae,Lachnagrostis,Lachnagrostis aemula (R.Br.) Trin.,0.8,mixed,graminoid,perennial,c3,resprouting_possible,no,extinct
Panicum effusum,Poaceae,Panicum,Panicum effusum R.Br.,1,anemochory,graminoid,perennial,c4,resprouting_possible,no,extinct
Paspalidium aversum,Poaceae,Paspalidium,Paspalidium aversum Vickery,0.9,mixed,graminoid,perennial,c4,resprouting_possible,yes,extinct
Paspalum vaginatum,Poaceae,Paspalum,Paspalum vaginatum Sw.,0.6,epizoochory,graminoid,perennial,c4,resprouting_possible,yes,extinct
Poa affinis,Poaceae,Poa,Poa affinis R.Br.,1.2,epizoochory,graminoid,perennial,c3,resprouting_possible,no,extinct
Poa labillardierei,Poaceae,Poa,Poa labillardierei Steud.,1.3,epizoochory,graminoid,perennial,c3,resprouting_possible,yes,extinct
Rytidosperma bipartitum,Poaceae,Rytidosperma,Rytidosperma bipartitum (Link) A.M.Humphreys & H.P.Linder,0.8,epizoochory,graminoid,perennial,c3,resprouting_possible,no,extinct
Rytidosperma longifolium,Poaceae,Rytidosperma,Rytidosperma longifolium (R.Br.) Connor & Edgar,0.8,epizoochory,graminoid,perennial,c3,resprouting_possible,no,extinct
Rytidosperma racemosum,Poaceae,Rytidosperma,Rytidosperma racemosum (R.Br.) Connor & Edgar,0.75,epizoochory,graminoid,perennial,c3,resprouting_possible,no,extinct
Sporobolus elongatus,Poaceae,Sporobolus,Sporobolus elongatus R.Br.,1,mixed,graminoid,perennial,c4,resprouting_possible,no,extinct
Urochloa foliosa,Poaceae,Urochloa,Urochloa foliosa (R.Br.) R.D.Webster,0.9,anemochory,graminoid,perennial,c4,fire_killed,no,extinct
Polygala japonica,Polygalaceae,Polygala,Polygala japonica Houtt.,0.25,mixed,subshrub,perennial,c3,resprouting_possible,no,extinct
Ranunculus lappaceus,Ranunculaceae,Ranunculus,Ranunculus lappaceus Sm.,1.7,mixed,herb,perennial,c3,resprouting_possible,no,extinct
Pomaderris lanigera,Rhamnaceae,Pomaderris,Pomaderris lanigera (Andrews) Sims,5,myrmecochory,tree,perennial,c3,resprouting_possible,no,extinct
Opercularia aspera,Rubiaceae,Opercularia,Opercularia aspera Gaertn.,2,myrmecochory,subshrub,perennial,c3,resprouting_possible,no,extinct
Asterolasia correifolia,Rutaceae,Asterolasia,Asterolasia correifolia (A.Juss.) Benth.,2.5,myrmecochory,shrub,perennial,c3,fire_killed,no,extinct
Exocarpos strictus,Santalaceae,Exocarpos,Exocarpos strictus R.Br.,6,endozoochory,shrub,perennial,c3,resprouting_possible,no,extinct
Omphacomeria acerba,Santalaceae,Omphacomeria,Omphacomeria acerba (R.Br.) A.DC.,1.5,endozoochory,shrub,perennial,c3,resprouting_possible,no,extinct
Typha domingensis,Typhaceae,Typha,Typha domingensis Pers.,4,anemochory,graminoid,perennial,c3,resprouting_possible,yes,extinct
Viola betonicifolia,Violaceae,Viola,Viola betonicifolia Sm.,0.2,myrmecochory,herb,perennial,c3,resprouting_possible,no,extinct
Allocasuarina torulosa,Casuarinaceae,Allocasuarina,Allocasuarina torulosa (Aiton) L.A.S.Johnson,30,anemochory,tree,perennial,c3,resprouting_possible,no,persister
Acacia binervia,Fabaceae,Acacia,Acacia binervia (J.C.Wendl.) J.F.Macbr.,16,zoochory,tree,perennial,c3,fire_killed,no,persister
Acacia brownii,Fabaceae,Acacia,Acacia brownii (Poir.) Steud.,1,zoochory,shrub,perennial,c3,resprouting_possible,no,persister
Acacia decurrens,Fabaceae,Acacia,Acacia decurrens Willd.,15,myrmecochory,tree,perennial,c3,resprouting_possible,no,persister
Acacia falcata,Fabaceae,Acacia,Acacia falcata Willd.,5,zoochory,tree,perennial,c3,fire_killed,no,persister
Acacia longifolia,Fabaceae,Acacia,Acacia longifolia (Andrews) Willd.,10,myrmecochory,tree,perennial,c3,fire_killed,no,persister
Acacia parramattensis,Fabaceae,Acacia,Acacia parramattensis Tindale,15,myrmecochory,tree,perennial,c3,fire_killed,no,persister
Acacia pubescens,Fabaceae,Acacia,Acacia pubescens (Vent.) R.Br.,5,myrmecochory,shrub,perennial,c3,resprouting_possible,no,persister
Acacia ulicifolia,Fabaceae,Acacia,Acacia ulicifolia (Salisb.) Court,2.19,myrmecochory,shrub,perennial,c3,resprouting_possible,no,persister
Adiantum aethiopicum,Pteridaceae,Adiantum,Adiantum aethiopicum L.,0.5,anemochory,fern,perennial,c3,resprouting_possible,no,persister
Alternanthera denticulata,Amaranthaceae,Alternanthera,Alternanthera denticulata R.Br.,0.9,hydrochory,herb,perennial,c3,fire_killed,yes,persister
Amyema miquelii,Loranthaceae,Amyema,Amyema miquelii (Lehm. ex Miq.) Tiegh.,NA,endozoochory,shrub,perennial,c3,resprouting_possible,no,persister
Angophora floribunda,Myrtaceae,Angophora,Angophora floribunda (Sm.) Sweet,30,mixed,tree,perennial,c3,resprouting_possible,no,persister
Anthosachne scabra,Poaceae,Anthosachne,Anthosachne scabra (R.Br.) Nevski,1.5,epizoochory,graminoid,perennial,c3,resprouting_possible,no,persister
Aristida vagans,Poaceae,Aristida,Aristida vagans Cav.,0.8,epizoochory,graminoid,perennial,c4,resprouting_possible,no,persister
Asperula conferta,Rubiaceae,Asperula,Asperula conferta Hook.f.,0.3,barochory,herb,perennial,c3,resprouting_possible,no,persister
Austrostipa rudis,Poaceae,Austrostipa,Austrostipa rudis (Spreng.) S.W.L.Jacobs & J.Everett,1.3,epizoochory,graminoid,perennial,c3,resprouting_possible,no,persister
Boronia polygalifolia,Rutaceae,Boronia,Boronia polygalifolia Sm.,0.6,ballistic,subshrub,perennial,c3,resprouting_possible,no,persister
Bossiaea buxifolia,Fabaceae,Bossiaea,Bossiaea buxifolia A.Cunn.,1.3,myrmecochory,shrub,perennial,c3,resprouting_possible,no,persister
Bossiaea prostrata,Fabaceae,Bossiaea,Bossiaea prostrata R.Br.,1.5,myrmecochory,subshrub,perennial,c3,resprouting_possible,no,persister
Bothriochloa macra,Poaceae,Bothriochloa,Bothriochloa macra (Steud.) S.T.Blake,1,epizoochory,graminoid,perennial,c4,resprouting_possible,no,persister
Brachychiton populneus,Malvaceae,Brachychiton,Brachychiton populneus (Schott & Endl.) R.Br.,20,epizoochory,tree,perennial,c3,resprouting_possible,no,persister
Brachyscome triloba,Asteraceae,Brachyscome,Brachyscome triloba Gaudich.,0.32,zoochory,herb,perennial,c3,resprouting_possible,no,persister
Breynia oblongifolia,Phyllanthaceae,Breynia,Breynia oblongifolia (Müll.Arg.) Müll.Arg.,8,myrmecochory,shrub,perennial,c3,resprouting_possible,no,persister
Brunoniella australis,Acanthaceae,Brunoniella,Brunoniella australis (Cav.) Bremek.,0.2,barochory,herb,perennial,c3,resprouting_possible,no,persister
Brunoniella pumilio,Acanthaceae,Brunoniella,Brunoniella pumilio (R.Br.) Bremek.,0.09,barochory,herb,perennial,c3,resprouting_possible,no,persister
Bursaria spinosa,Pittosporaceae,Bursaria,Bursaria spinosa Cav.,12,anemochory,tree,perennial,c3,resprouting_possible,no,persister
Caesia parviflora,Hemerocallidaceae,Caesia,Caesia parviflora R.Br.,0.55,myrmecochory,herb,perennial,c3,resprouting_possible,no,persister
Callistemon linearifolius,Myrtaceae,Callistemon,Callistemon linearifolius (Link) DC.,4,anemochory,shrub,perennial,c3,resprouting_possible,no,persister
Callistemon linearis,Myrtaceae,Callistemon,Callistemon linearis (Schrad. & J.C.Wendl.) Colvill ex Sweet,5,anemochory,shrub,perennial,c3,resprouting_possible,no,persister
Callistemon pinifolius,Myrtaceae,Callistemon,Callistemon pinifolius (J.C.Wendl.) Sweet,4,anemochory,shrub,perennial,c3,resprouting_possible,no,persister
Callistemon salignus,Myrtaceae,Callistemon,Callistemon salignus (Sm.) Colvill ex Sweet,15,anemochory,tree,perennial,c3,resprouting_possible,no,persister
Calotis cuneifolia,Asteraceae,Calotis,Calotis cuneifolia R.Br.,0.6,epizoochory,herb,perennial,c3,resprouting_possible,no,persister
Calotis lappulacea,Asteraceae,Calotis,Calotis lappulacea Benth.,0.5,epizoochory,shrub,perennial,c3,resprouting_possible,no,persister
Carex inversa,Cyperaceae,Carex,Carex inversa R.Br.,0.75,endozoochory,graminoid,perennial,c3,resprouting_possible,no,persister
Cassinia sifton,Asteraceae,Cassinia,Cassinia sifton Orchard,2,anemochory,shrub,perennial,c3,fire_killed,no,persister
Casuarina glauca,Casuarinaceae,Casuarina,Casuarina glauca Sieber ex Spreng.,20,anemochory,tree,perennial,c3,resprouting_possible,yes,persister
Centella asiatica,Apiaceae,Centella,Centella asiatica (L.) Urb.,0.4,barochory,herb,perennial,c3,resprouting_possible,yes,persister
Centipeda minima,Asteraceae,Centipeda,Centipeda minima (L.) A.Braun & Asch.,0.2,epizoochory,herb,perennial,c3,fire_killed,yes,persister
Cheilanthes sieberi,Pteridaceae,Cheilanthes,Cheilanthes sieberi Kunze,0.5,barochory,fern,perennial,c3,resprouting_possible,no,persister
Chloris truncata,Poaceae,Chloris,Chloris truncata R.Br.,0.5,anemochory,graminoid,perennial,c4,resprouting_possible,no,persister
Chloris ventricosa,Poaceae,Chloris,Chloris ventricosa R.Br.,1,anemochory,graminoid,perennial,c4,resprouting_possible,no,persister
Chorizema parviflorum,Fabaceae,Chorizema,Chorizema parviflorum Benth.,0.5,myrmecochory,shrub,perennial,c3,resprouting_possible,no,persister
Chrysocephalum apiculatum,Asteraceae,Chrysocephalum,Chrysocephalum apiculatum (Labill.) Steetz,0.8,anemochory,herb,perennial,c3,resprouting_possible,no,persister
Clematis aristata,Ranunculaceae,Clematis,Clematis aristata R.Br. ex Ker Gawl.,15,anemochory,climber_woody,perennial,c3,resprouting_possible,no,persister
Clematis glycinoides,Ranunculaceae,Clematis,Clematis glycinoides DC.,25,anemochory,climber_woody,perennial,c3,resprouting_possible,no,persister
Commelina cyanea,Commelinaceae,Commelina,Commelina cyanea R.Br.,0.1,barochory,herb,perennial,c3,resprouting_possible,no,persister
Correa reflexa,Rutaceae,Correa,Correa reflexa (Labill.) Vent.,3,myrmecochory,shrub,perennial,c3,resprouting_possible,no,persister
Cotula australis,Asteraceae,Cotula,Cotula australis (Sieber ex Spreng.) Hook.f.,0.2,mixed,herb,perennial,c3,fire_killed,no,persister
Crassula sieberiana,Crassulaceae,Crassula,Crassula sieberiana (Schult. & Schult.f.) Druce,0.2,anemochory,herb,perennial,cam,resprouting_possible,no,persister
Cyanthillium cinereum,Asteraceae,Cyanthillium,Cyanthillium cinereum (L.) H.Rob.,1.25,anemochory,herb,annual,c3,fire_killed,no,persister
Cymbopogon refractus,Poaceae,Cymbopogon,Cymbopogon refractus (R.Br.) A.Camus,1.5,epizoochory,graminoid,perennial,c4,resprouting_possible,no,persister
Daviesia ulicifolia,Fabaceae,Daviesia,Daviesia ulicifolia Andrews,2.5,myrmecochory,shrub,perennial,c3,resprouting_possible,no,persister
Denhamia silvestris,Celastraceae,Denhamia,Denhamia silvestris (Lander & L.A.S.Johnson) M.P.Simmons,45,myrmecochory,shrub,perennial,c3,resprouting_possible,no,persister
Desmodium rhytidophyllum,Fabaceae,Desmodium,Desmodium rhytidophyllum F.Muell. ex Benth.,0.2,epizoochory,herb,perennial,c3,resprouting_possible,no,persister
Desmodium varians,Fabaceae,Desmodium,Desmodium varians (Labill.) G.Don,0.5,epizoochory,herb,perennial,c3,resprouting_possible,no,persister
Dianella caerulea,Hemerocallidaceae,Dianella,Dianella caerulea Sims,2,endozoochory,herb,perennial,c3,resprouting_possible,no,persister
Dianella longifolia,Hemerocallidaceae,Dianella,Dianella longifolia R.Br.,1.5,endozoochory,herb,perennial,c3,resprouting_possible,no,persister
Dianella revoluta,Hemerocallidaceae,Dianella,Dianella revoluta R.Br.,1.5,endozoochory,herb,perennial,c3,resprouting_possible,no,persister
Dichelachne micrantha,Poaceae,Dichelachne,Dichelachne micrantha (Cav.) Domin,1.2,epizoochory,graminoid,perennial,c3,resprouting_possible,no,persister
Dichondra repens,Convolvulaceae,Dichondra,Dichondra repens J.R.Forst. & G.Forst.,0.1,barochory,herb,perennial,c3,resprouting_possible,no,persister
Digitaria parviflora,Poaceae,Digitaria,Digitaria parviflora (R.Br.) Hughes,1.5,anemochory,graminoid,perennial,c4,resprouting_possible,no,persister
Dillwynia sieberi,Fabaceae,Dillwynia,Dillwynia sieberi Steud.,2.5,myrmecochory,shrub,perennial,c3,resprouting_possible,no,persister
Diuris maculata,Orchidaceae,Diuris,Diuris maculata Sm.,0.3,anemochory,herb,perennial,c3,resprouting_possible,no,persister
Dodonaea triquetra,Sapindaceae,Dodonaea,Dodonaea triquetra J.C.Wendl.,3.5,myrmecochory,shrub,perennial,c3,resprouting_possible,no,persister
Drosera peltata,Droseraceae,Drosera,Drosera peltata Thunb.,0.8,mixed,herb,perennial,c3,resprouting_possible,no,persister
Echinopogon caespitosus,Poaceae,Echinopogon,Echinopogon caespitosus C.E.Hubb.,1.5,epizoochory,graminoid,perennial,c3,resprouting_possible,no,persister
Echinopogon ovatus,Poaceae,Echinopogon,Echinopogon ovatus (G.Forst.) P.Beauv.,1.2,epizoochory,graminoid,perennial,c3,resprouting_possible,no,persister
Einadia hastata,Chenopodiaceae,Einadia,Einadia hastata (R.Br.) A.J.Scott,2,endozoochory,herb,perennial,c3,fire_killed,no,persister
Entolasia marginata,Poaceae,Entolasia,Entolasia marginata (R.Br.) Hughes,2,mixed,graminoid,perennial,c3,resprouting_possible,no,persister
Entolasia stricta,Poaceae,Entolasia,Entolasia stricta (R.Br.) Hughes,1.5,mixed,graminoid,perennial,c3,resprouting_possible,no,persister
Epilobium billardiereanum,Onagraceae,Epilobium,Epilobium billardiereanum Ser.,1,anemochory,herb,perennial,c3,resprouting_possible,no,persister
Eragrostis brownii,Poaceae,Eragrostis,Eragrostis brownii (Kunth) Nees,0.6,mixed,graminoid,perennial,c4,resprouting_possible,no,persister
Eragrostis leptostachya,Poaceae,Eragrostis,Eragrostis leptostachya (R.Br.) Steud.,1,mixed,graminoid,perennial,c4,resprouting_possible,no,persister
Eremophila debilis,Scrophulariaceae,Eremophila,Eremophila debilis (Andrews) Chinnock,2,endozoochory,shrub,perennial,c3,resprouting_possible,no,persister
Eriochloa pseudoacrotricha,Poaceae,Eriochloa,Eriochloa pseudoacrotricha (Stapf ex Thell.) J.M.Black,1,mixed,graminoid,perennial,c4,fire_killed,no,persister
Eucalyptus amplifolia,Myrtaceae,Eucalyptus,Eucalyptus amplifolia Naudin,30,barochory,tree,perennial,c3,resprouting_possible,no,persister
Eucalyptus eugenioides,Myrtaceae,Eucalyptus,Eucalyptus eugenioides Sieber ex Spreng.,35,mixed,tree,perennial,c3,resprouting_possible,no,persister
Eucalyptus fibrosa,Myrtaceae,Eucalyptus,Eucalyptus fibrosa F.Muell.,35,mixed,tree,perennial,c3,resprouting_possible,no,persister
Eucalyptus globoidea,Myrtaceae,Eucalyptus,Eucalyptus globoidea Blakely,40,mixed,tree,perennial,c3,resprouting_possible,no,persister
Eucalyptus longifolia,Myrtaceae,Eucalyptus,Eucalyptus longifolia Link,35,mixed,tree,perennial,c3,resprouting_possible,no,persister
Eucalyptus moluccana,Myrtaceae,Eucalyptus,Eucalyptus moluccana Roxb.,30,mixed,tree,perennial,c3,resprouting_possible,no,persister
Eucalyptus punctata,Myrtaceae,Eucalyptus,Eucalyptus punctata DC.,35,anemochory,tree,perennial,c3,resprouting_possible,no,persister
Eucalyptus resinifera,Myrtaceae,Eucalyptus,Eucalyptus resinifera J.White,45,mixed,tree,perennial,c3,resprouting_possible,no,persister
Eucalyptus tereticornis,Myrtaceae,Eucalyptus,Eucalyptus tereticornis Sm.,50,anemochory,tree,perennial,c3,resprouting_possible,no,persister
Euchiton involucratus,Asteraceae,Euchiton,Euchiton involucratus (G.Forst.) Holub,0.5,anemochory,herb,perennial,c3,fire_killed,no,persister
Euchiton sphaericus,Asteraceae,Euchiton,Euchiton sphaericus (Willd.) Holub,1,anemochory,herb,annual,c3,fire_killed,no,persister
Eustrephus latifolius,Asparagaceae,Eustrephus,Eustrephus latifolius R.Br.,10,endozoochory,climber,perennial,c3,resprouting_possible,no,persister
Exocarpos cupressiformis,Santalaceae,Exocarpos,Exocarpos cupressiformis Labill.,10,endozoochory,tree,perennial,c3,resprouting_possible,no,persister
Gahnia aspera,Cyperaceae,Gahnia,Gahnia aspera (R.Br.) Spreng.,0.65,endozoochory,graminoid,perennial,c3,resprouting_possible,no,persister
Gahnia melanocarpa,Cyperaceae,Gahnia,Gahnia melanocarpa R.Br.,2,endozoochory,graminoid,perennial,c3,resprouting_possible,no,persister
Geranium solanderi,Geraniaceae,Geranium,Geranium solanderi Carolin,0.5,epizoochory,herb,perennial,c3,resprouting_possible,no,persister
Glochidion ferdinandi,Phyllanthaceae,Glochidion,Glochidion ferdinandi (Müll.Arg.) F.M.Bailey,35,endozoochory,tree,perennial,c3,resprouting_possible,no,persister
Glossocardia bidens,Asteraceae,Glossocardia,Glossocardia bidens (Retz.) Veldkamp,0.5,epizoochory,herb,perennial,c4,fire_killed,no,persister
Glycine clandestina,Fabaceae,Glycine,Glycine clandestina J.C.Wendl.,2,mixed,climber,perennial,c3,resprouting_possible,no,persister
Glycine microphylla,Fabaceae,Glycine,Glycine microphylla (Benth.) Tindale,0.3,mixed,herb,perennial,c3,resprouting_possible,no,persister
Glycine tabacina,Fabaceae,Glycine,Glycine tabacina (Labill.) Benth.,0.3,mixed,climber,perennial,c3,resprouting_possible,no,persister
Goodenia hederacea,Goodeniaceae,Goodenia,Goodenia hederacea Sm.,0.8,myrmecochory,herb,perennial,c3,resprouting_possible,no,persister
Goodenia paniculata,Goodeniaceae,Goodenia,Goodenia paniculata Sm.,0.5,myrmecochory,herb,perennial,c3,resprouting_possible,yes,persister
Gratiola pedunculata,Plantaginaceae,Gratiola,Gratiola pedunculata R.Br.,0.5,epizoochory,herb,perennial,c3,resprouting_possible,yes,persister
Hakea sericea,Proteaceae,Hakea,Hakea sericea Schrad. & J.C.Wendl.,4.5,anemochory,tree,perennial,c3,fire_killed,no,persister
Hardenbergia violacea,Fabaceae,Hardenbergia,Hardenbergia violacea (Schneev.) Stearn,2.5,myrmecochory,climber,perennial,c3,resprouting_possible,no,persister
Hibbertia aspera,Dilleniaceae,Hibbertia,Hibbertia aspera DC.,2,myrmecochory,shrub,perennial,c3,resprouting_possible,no,persister
Hibbertia diffusa,Dilleniaceae,Hibbertia,Hibbertia diffusa R.Br. ex DC.,0.5,zoochory,shrub,perennial,c3,resprouting_possible,no,persister
Hibbertia pedunculata,Dilleniaceae,Hibbertia,Hibbertia pedunculata R.Br. ex DC.,0.4,zoochory,shrub,perennial,c3,resprouting_possible,no,persister
Homalanthus populifolius,Euphorbiaceae,Homalanthus,Homalanthus populifolius Graham,12,endozoochory,tree,perennial,c3,resprouting_possible,no,persister
Hovea linearis,Fabaceae,Hovea,Hovea linearis (Sm.) R.Br.,1.2,myrmecochory,subshrub,perennial,c3,resprouting_possible,no,persister
Hydrocotyle sibthorpioides,Araliaceae,Hydrocotyle,Hydrocotyle sibthorpioides Lam.,0.15,mixed,herb,perennial,c3,resprouting_possible,yes,persister
Hypericum gramineum,Hypericaceae,Hypericum,Hypericum gramineum G.Forst.,0.5,barochory,herb,perennial,c3,resprouting_possible,no,persister
Hypoxis hygrometrica,Hypoxidaceae,Hypoxis,Hypoxis hygrometrica Labill.,0.2,barochory,herb,perennial,c3,resprouting_possible,no,persister
Imperata cylindrica,Poaceae,Imperata,Imperata cylindrica (L.) P.Beauv.,1.5,anemochory,graminoid,perennial,c4,resprouting_possible,no,persister
Indigofera australis,Fabaceae,Indigofera,Indigofera australis Willd.,2.5,barochory,shrub,perennial,c3,resprouting_possible,no,persister
Isolepis cernua,Cyperaceae,Isolepis,Isolepis cernua (Vahl) Roem. & Schult.,0.3,epizoochory,graminoid,perennial,c3,resprouting_possible,yes,persister
Jacksonia scoparia,Fabaceae,Jacksonia,Jacksonia scoparia R.Br.,12,epizoochory,tree,perennial,c3,resprouting_possible,no,persister
Juncus bufonius,Juncaceae,Juncus,Juncus bufonius L.,0.3,barochory,graminoid,annual,c3,fire_killed,yes,persister
Juncus planifolius,Juncaceae,Juncus,Juncus planifolius R.Br.,0.75,barochory,graminoid,perennial,c3,resprouting_possible,yes,persister
Juncus subsecundus,Juncaceae,Juncus,Juncus subsecundus N.A.Wakef.,1,mixed,graminoid,perennial,c3,resprouting_possible,no,persister
Juncus usitatus,Juncaceae,Juncus,Juncus usitatus L.A.S.Johnson,1.2,mixed,graminoid,perennial,c3,resprouting_possible,yes,persister
Kunzea ambigua,Myrtaceae,Kunzea,Kunzea ambigua (Sm.) Druce,35,mixed,shrub,perennial,c3,fire_killed,no,persister
Lachnagrostis filiformis,Poaceae,Lachnagrostis,Lachnagrostis filiformis (G.Forst.) Trin.,1,anemochory,graminoid,perennial,c3,resprouting_possible,yes,persister
Lasiopetalum parviflorum,Malvaceae,Lasiopetalum,Lasiopetalum parviflorum Rudge,1,myrmecochory,shrub,perennial,c3,resprouting_possible,no,persister
Laxmannia gracilis,Asparagaceae,Laxmannia,Laxmannia gracilis R.Br.,0.4,barochory,herb,perennial,c3,resprouting_possible,no,persister
Lepidosperma laterale,Cyperaceae,Lepidosperma,Lepidosperma laterale R.Br.,1,myrmecochory,graminoid,perennial,c3,resprouting_possible,no,persister
Leptospermum polygalifolium,Myrtaceae,Leptospermum,Leptospermum polygalifolium Salisb.,10,anemochory,tree,perennial,c3,resprouting_possible,no,persister
Leptospermum trinervium,Myrtaceae,Leptospermum,Leptospermum trinervium (J.White) Sm.,6,anemochory,tree,perennial,c3,resprouting_possible,no,persister
Leucopogon affinis,Ericaceae,Leucopogon,Leucopogon affinis R.Br.,3,endozoochory,shrub,perennial,c3,resprouting_possible,no,persister
Leucopogon juniperinus,Ericaceae,Leucopogon,Leucopogon juniperinus R.Br.,1,endozoochory,shrub,perennial,c3,resprouting_possible,no,persister
Linum marginale,Linaceae,Linum,Linum marginale A.Cunn.,1.2,mixed,herb,perennial,c3,resprouting_possible,no,persister
Lissanthe strigosa,Ericaceae,Lissanthe,Lissanthe strigosa (Sm.) R.Br.,1,endozoochory,shrub,perennial,c3,resprouting_possible,no,persister
Lobelia anceps,Campanulaceae,Lobelia,Lobelia anceps L.f.,1.2,mixed,herb,perennial,c3,resprouting_possible,yes,persister
Lobelia purpurascens,Campanulaceae,Lobelia,Lobelia purpurascens R.Br.,0.28,mixed,herb,perennial,c3,resprouting_possible,no,persister
Lomandra filiformis,Asparagaceae,Lomandra,Lomandra filiformis (Thunb.) Britten,0.54,myrmecochory,graminoid,perennial,c3,resprouting_possible,no,persister
Lomandra longifolia,Asparagaceae,Lomandra,Lomandra longifolia Labill.,1,myrmecochory,graminoid,perennial,c3,resprouting_possible,no,persister
Lomandra multiflora,Asparagaceae,Lomandra,Lomandra multiflora (R.Br.) Britten,0.3,myrmecochory,graminoid,perennial,c3,resprouting_possible,no,persister
Lythrum hyssopifolia,Lythraceae,Lythrum,Lythrum hyssopifolia L.,0.6,mixed,herb,annual,c3,fire_killed,yes,persister
Melaleuca decora,Myrtaceae,Melaleuca,Melaleuca decora (Salisb.) Britten,7,anemochory,tree,perennial,c3,resprouting_possible,no,persister
Melaleuca diosmatifolia,Myrtaceae,Melaleuca,Melaleuca diosmatifolia Dum.Cours.,4,anemochory,shrub,perennial,c3,resprouting_possible,no,persister
Melaleuca linariifolia,Myrtaceae,Melaleuca,Melaleuca linariifolia Sm.,10,anemochory,tree,perennial,c3,resprouting_possible,no,persister
Melaleuca nodosa,Myrtaceae,Melaleuca,Melaleuca nodosa (Sol. ex Gaertn.) Sm.,4,anemochory,shrub,perennial,c3,resprouting_possible,no,persister
Melaleuca styphelioides,Myrtaceae,Melaleuca,Melaleuca styphelioides Sm.,20,anemochory,tree,perennial,c3,resprouting_possible,no,persister
Melaleuca thymifolia,Myrtaceae,Melaleuca,Melaleuca thymifolia Sm.,2,anemochory,shrub,perennial,c3,resprouting_possible,no,persister
Mentha diemenica,Lamiaceae,Mentha,Mentha diemenica Spreng.,0.5,mixed,herb,perennial,c3,resprouting_possible,no,persister
Microlaena stipoides,Poaceae,Microlaena,Microlaena stipoides (Labill.) R.Br.,1,epizoochory,graminoid,perennial,c3,resprouting_possible,no,persister
Muellerina eucalyptoides,Loranthaceae,Muellerina,Muellerina eucalyptoides (DC.) Barlow,NA,endozoochory,shrub,perennial,c3,resprouting_possible,no,persister
Myoporum boninense,Scrophulariaceae,Myoporum,Myoporum boninense Koidz.,2.8,endozoochory,shrub,perennial,c3,fire_killed,no,persister
Myrsine variabilis,Primulaceae,Myrsine,Myrsine variabilis R.Br.,15,endozoochory,tree,perennial,c3,resprouting_possible,no,persister
Notelaea longifolia,Oleaceae,Notelaea,Notelaea longifolia Vent.,9,endozoochory,tree,perennial,c3,resprouting_possible,no,persister
Notelaea ovata,Oleaceae,Notelaea,Notelaea ovata R.Br.,1,endozoochory,shrub,perennial,c3,resprouting_possible,no,persister
Olearia microphylla,Asteraceae,Olearia,Olearia microphylla (Vent.) Maiden & Betche,2,anemochory,shrub,perennial,c3,resprouting_possible,no,persister
Olearia viscidula,Asteraceae,Olearia,Olearia viscidula (F.Muell.) Benth.,2.5,anemochory,shrub,perennial,c3,resprouting_possible,no,persister
Opercularia varia,Rubiaceae,Opercularia,Opercularia varia Hook.f.,0.3,myrmecochory,herb,perennial,c3,resprouting_possible,no,persister
Oplismenus hirtellus,Poaceae,Oplismenus,Oplismenus hirtellus (L.) P.Beauv.,3,epizoochory,graminoid,perennial,c3,resprouting_possible,no,persister
Oxalis perennans,Oxalidaceae,Oxalis,Oxalis perennans Haw.,0.5,mixed,herb,perennial,c3,resprouting_possible,no,persister
Ozothamnus diosmifolius,Asteraceae,Ozothamnus,Ozothamnus diosmifolius (Vent.) DC.,5,anemochory,shrub,perennial,c3,resprouting_possible,no,persister
Pandorea pandorana,Bignoniaceae,Pandorea,Pandorea pandorana (Andrews) Steenis,43,anemochory,climber_woody,perennial,c3,resprouting_possible,no,persister
Panicum simile,Poaceae,Panicum,Panicum simile Domin,0.7,mixed,graminoid,perennial,c4,resprouting_possible,no,persister
Paspalidium criniforme,Poaceae,Paspalidium,Paspalidium criniforme S.T.Blake,0.6,mixed,graminoid,perennial,c4,resprouting_possible,no,persister
Paspalidium distans,Poaceae,Paspalidium,Paspalidium distans (Trin.) Hughes,1,barochory,graminoid,perennial,c4,resprouting_possible,no,persister
Pelargonium inodorum,Geraniaceae,Pelargonium,Pelargonium inodorum Willd.,0.4,mixed,herb,short_lived_perennial,c3,fire_killed,no,persister
Pellaea falcata,Pteridaceae,Pellaea,Pellaea falcata (R.Br.) Fée,1,anemochory,fern,perennial,c3,resprouting_possible,no,persister
Persicaria decipiens,Polygonaceae,Persicaria,Persicaria decipiens (R.Br.) K.L.Wilson,1,epizoochory,herb,perennial,c3,resprouting_possible,yes,persister
Persicaria lapathifolia,Polygonaceae,Persicaria,Persicaria lapathifolia (L.) Delarbre,2,epizoochory,herb,biennial,c3,resprouting_possible,yes,persister
Persoonia linearis,Proteaceae,Persoonia,Persoonia linearis Andrews,5,endozoochory,tree,perennial,c3,resprouting_possible,no,persister
Phragmites australis,Poaceae,Phragmites,Phragmites australis (Cav.) Trin. ex Steud.,6,anemochory,graminoid,perennial,c3,resprouting_possible,yes,persister
Phyllanthus gunnii,Phyllanthaceae,Phyllanthus,Phyllanthus gunnii Hook.f.,5,mixed,shrub,perennial,c3,resprouting_possible,no,persister
Pimelea linifolia,Thymelaeaceae,Pimelea,Pimelea linifolia Sm.,1.68,myrmecochory,shrub,perennial,c3,resprouting_possible,no,persister
Pittosporum multiflorum,Pittosporaceae,Pittosporum,"Pittosporum multiflorum (A.Cunn. ex Loudon) L.W.Cayzer, Crisp & I.Telford",4.2,endozoochory,shrub,perennial,c3,resprouting_possible,no,persister
Pittosporum revolutum,Pittosporaceae,Pittosporum,Pittosporum revolutum W.T.Aiton,6,endozoochory,shrub,perennial,c3,resprouting_possible,no,persister
Pittosporum undulatum,Pittosporaceae,Pittosporum,Pittosporum undulatum Vent.,27.5,endozoochory,tree,perennial,c3,resprouting_possible,no,persister
Plantago debilis,Plantaginaceae,Plantago,Plantago debilis R.Br.,0.4,mixed,herb,perennial,c3,resprouting_possible,no,persister
Plectranthus parviflorus,Lamiaceae,Plectranthus,Plectranthus parviflorus Willd.,1,endozoochory,shrub,perennial,cam,fire_killed,no,persister
Poa sieberiana,Poaceae,Poa,Poa sieberiana Spreng.,1.07,mixed,graminoid,perennial,c3,resprouting_possible,no,persister
Polyscias sambucifolia,Araliaceae,Polyscias,Polyscias sambucifolia (Sieber ex DC.) Harms,11,endozoochory,tree,perennial,c3,resprouting_possible,no,persister
Pomaderris ferruginea,Rhamnaceae,Pomaderris,Pomaderris ferruginea Sieber ex Fenzl,4,myrmecochory,shrub,perennial,c3,fire_killed,no,persister
Poranthera microphylla,Phyllanthaceae,Poranthera,Poranthera microphylla Brongn.,0.45,mixed,herb,annual,c3,resprouting_possible,no,persister
Portulaca oleracea,Portulacaceae,Portulaca,Portulaca oleracea L.,0.2,barochory,herb,annual,c4,resprouting_possible,no,persister
Pseudognaphalium luteoalbum,Asteraceae,Pseudognaphalium,Pseudognaphalium luteoalbum (L.) Hilliard & B.L.Burtt,0.7,anemochory,herb,annual,c3,fire_killed,no,persister
Pteridium esculentum,Dennstaedtiaceae,Pteridium,Pteridium esculentum (G.Forst.) Cockayne,3,anemochory,fern,perennial,c3,resprouting_possible,no,persister
Pterostylis nutans,Orchidaceae,Pterostylis,Pterostylis nutans R.Br.,0.4,anemochory,herb,perennial,c3,resprouting_possible,no,persister
Rubus parvifolius,Rosaceae,Rubus,Rubus parvifolius L.,1,endozoochory,climber_woody,perennial,c3,resprouting_possible,no,persister
Rumex brownii,Polygonaceae,Rumex,Rumex brownii Campd.,1.05,epizoochory,herb,perennial,c3,resprouting_possible,no,persister
Rytidosperma fulvum,Poaceae,Rytidosperma,Rytidosperma fulvum (Vickery) A.M.Humphreys & H.P.Linder,1.15,epizoochory,graminoid,perennial,c3,resprouting_possible,no,persister
Rytidosperma setaceum,Poaceae,Rytidosperma,Rytidosperma setaceum (R.Br.) Connor & Edgar,1,epizoochory,graminoid,perennial,c3,resprouting_possible,no,persister
Rytidosperma tenuius,Poaceae,Rytidosperma,Rytidosperma tenuius (Steud.) A.Hansen & Sunding,1.2,epizoochory,graminoid,perennial,c3,resprouting_possible,no,persister
Scaevola albida,Goodeniaceae,Scaevola,Scaevola albida (Sm.) Druce,0.5,mixed,herb,perennial,c3,fire_killed,no,persister
Schoenus apogon,Cyperaceae,Schoenus,Schoenus apogon Roem. & Schult.,0.25,mixed,graminoid,perennial,c3,resprouting_possible,yes,persister
Senecio hispidulus,Asteraceae,Senecio,Senecio hispidulus A.Rich.,1.5,anemochory,herb,perennial,c3,resprouting_possible,no,persister
Solenogyne bellioides,Asteraceae,Solenogyne,Solenogyne bellioides Cass.,0.18,mixed,herb,perennial,c3,resprouting_possible,no,persister
Stackhousia muricata,Celastraceae,Stackhousia,Stackhousia muricata Lindl.,0.6,zoochory,herb,perennial,c3,fire_killed,no,persister
Themeda triandra,Poaceae,Themeda,Themeda triandra Forssk.,2,epizoochory,graminoid,perennial,c4,resprouting_possible,no,persister
Thysanotus tuberosus,Asparagaceae,Thysanotus,Thysanotus tuberosus R.Br.,0.7,myrmecochory,herb,perennial,c3,resprouting_possible,no,persister
Triglochin striata,Juncaginaceae,Triglochin,Triglochin striata Ruiz & Pav.,0.5,hydrochory,herb,perennial,c3,resprouting_possible,yes,persister
Triptilodiscus pygmaeus,Asteraceae,Triptilodiscus,Triptilodiscus pygmaeus Turcz.,0.2,anemochory,herb,annual,c3,fire_killed,no,persister
Typha orientalis,Typhaceae,Typha,Typha orientalis C.Presl,4.5,anemochory,graminoid,perennial,c3,resprouting_possible,yes,persister
Veronica plebeia,Plantaginaceae,Veronica,Veronica plebeia R.Br.,0.4,barochory,herb,perennial,c3,resprouting_possible,no,persister
Vincetoxicum barbatum,Apocynaceae,Vincetoxicum,Vincetoxicum barbatum (R.Br.) Kuntze,2,anemochory,climber,perennial,c3,resprouting_possible,no,persister
Vittadinia cuneata,Asteraceae,Vittadinia,Vittadinia cuneata DC.,0.4,anemochory,subshrub,perennial,c3,resprouting_possible,no,persister
Wahlenbergia gracilis,Campanulaceae,Wahlenbergia,Wahlenbergia gracilis (G.Forst.) A.DC.,0.8,anemochory,herb,perennial,c3,resprouting_possible,no,persister
Zieria smithii,Rutaceae,Zieria,Zieria smithii Andrews,2,myrmecochory,shrub,perennial,c3,resprouting_possible,no,persister
Zornia dyctiocarpa,Fabaceae,Zornia,Zornia dyctiocarpa DC.,0.3,epizoochory,herb,perennial,c3,resprouting_possible,no,persister
Amyema gaudichaudii,Loranthaceae,Amyema,Amyema gaudichaudii (DC.) Tiegh.,NA,endozoochory,shrub,perennial,c3,fire_killed,no,persister
Arthropodium sp. South-east Highlands (N.G.Walsh 811),Asparagaceae,Arthropodium,Arthropodium sp. South-east Highlands (N.G.Walsh 811) Vic. Herbarium,1.16,barochory,herb,perennial,c3,resprouting_possible,no,persister
Cassytha paniculata,Lauraceae,Cassytha,Cassytha paniculata R.Br.,0.4,endozoochory,climber,perennial,c3,fire_killed,no,persister
Dendrophthoe vitellina,Loranthaceae,Dendrophthoe,Dendrophthoe vitellina (F.Muell.) Tiegh.,NA,endozoochory,shrub,perennial,c3,fire_killed,no,persister
Einadia polygonoides,Chenopodiaceae,Einadia,Einadia polygonoides (Murr) Paul G.Wilson,0.14,zoochory,herb,perennial,c3,fire_killed,no,persister
Einadia trigonos,Chenopodiaceae,Einadia,Einadia trigonos (Schult.) Paul G.Wilson,0.81,zoochory,herb,perennial,c3,fire_killed,no,persister
Kennedia rubicunda,Fabaceae,Kennedia,Kennedia rubicunda (Schneev.) Vent.,1.71,myrmecochory,climber,perennial,c3,resprouting_possible,no,persister
Lagenophora sublyrata,Asteraceae,Lagenophora,Lagenophora sublyrata (Cass.) A.R.Bean & Jian Wang ter,0.07,mixed,herb,perennial,c3,resprouting_possible,no,persister
Macrozamia spiralis,Zamiaceae,Macrozamia,Macrozamia spiralis (Salisb.) Miq.,1.04,barochory,shrub,perennial,c3,resprouting_possible,no,persister
Opercularia diphylla,Rubiaceae,Opercularia,Opercularia diphylla Gaertn.,0.29,myrmecochory,herb,perennial,c3,resprouting_possible,no,persister
Oxalis thompsoniae,Oxalidaceae,Oxalis,Oxalis thompsoniae B.J.Conn & P.G.Richards,0.25,barochory,herb,perennial,c3,fire_killed,no,persister
Polymeria calycina,Convolvulaceae,Polymeria,Polymeria calycina R.Br.,0.8,mixed,herb,perennial,c3,resprouting_possible,no,persister
Pultenaea villosa,Fabaceae,Pultenaea,Pultenaea villosa Willd.,2.13,myrmecochory,shrub,perennial,c3,fire_killed,no,persister
Sarcopetalum harveyanum,Menispermaceae,Sarcopetalum,Sarcopetalum harveyanum F.Muell.,6,endozoochory,climber_woody,perennial,c3,resprouting_possible,no,persister
Xanthorrhoea minor,Xanthorrhoeaceae,Xanthorrhoea,Xanthorrhoea minor R.Br.,1.48,barochory,shrub,perennial,c3,resprouting_possible,no,persister
